,date,county,state,fips,cases,deaths
0,,Orange,,,325607,
1,,Orange,,,89175,
2,,Orange,,,324288,
3,,Orange,,,1,
4,,Orange,,,272922,
5,,Orange,,,21741,
6,,Orange,,,271589,
7,,Orange,,,191804,
8,,Orange,,,64621,
9,,Orange,,,8222,
10,,Orange,,,217925,
11,,Orange,,,245978,
12,,Orange,,,31743,
13,,Orange,,,58183,
14,,Orange,,,1,
15,,Orange,,,262550,
16,,Orange,,,3,
17,,Orange,,,54912,
18,,Orange,,,270940,
19,,Orange,,,1753,
20,,Orange,,,5157,
21,,Orange,,,298667,
22,,Orange,,,57595,
23,,Orange,,,269036,
24,,Orange,,,8581,
25,,Orange,,,79049,
26,,Orange,,,271496,
27,,Orange,,,281790,
28,,Orange,,,229132,
29,,Orange,,,464,
30,,Orange,,,20167,
31,,Orange,,,272361,
32,,Orange,,,46307,
33,,Orange,,,931,
34,,Orange,,,54527,
35,,Orange,,,59448,
36,,Orange,,,334940,
37,,Orange,,,882,
38,,Orange,,,273225,
39,,Orange,,,270744,
40,,Orange,,,2591,
41,,Orange,,,272650,
42,,Orange,,,40527,
43,,Orange,,,330093,
44,,Orange,,,1,
45,,Orange,,,1636,
46,,Orange,,,1,
47,,Orange,,,59168,
48,,Orange,,,264033,
49,,Orange,,,334398,
50,,Orange,,,181850,
51,,Orange,,,300665,
52,,Orange,,,274132,
53,,Orange,,,273225,
54,,Orange,,,325123,
55,,Los Angeles,,,1015063,
56,,Los Angeles,,,1235783,
57,,Los Angeles,,,1397943,
58,,Los Angeles,,,852510,
59,,Los Angeles,,,248334,
60,,Los Angeles,,,1129957,
61,,Los Angeles,,,105507,
62,,Los Angeles,,,1804,
63,,Los Angeles,,,1249083,
64,,Los Angeles,,,1526976,
65,,Los Angeles,,,1207361,
66,,Los Angeles,,,33180,
67,,Los Angeles,,,1508440,
68,,Los Angeles,,,374231,
69,,Los Angeles,,,1301009,
70,,Los Angeles,,,1170100,
71,,Los Angeles,,,596910,
72,,Los Angeles,,,10496,
73,,Los Angeles,,,1488206,
74,,Los Angeles,,,1513720,
75,,Los Angeles,,,244999,
76,,Los Angeles,,,1055214,
77,,Los Angeles,,,1236087,
78,,Los Angeles,,,1339835,
79,,Los Angeles,,,1490084,
80,,Los Angeles,,,271371,
81,,Los Angeles,,,1,
82,,Los Angeles,,,113497,
83,,Los Angeles,,,458011,
84,,Los Angeles,,,1507009,
85,,Los Angeles,,,236986,
86,,Los Angeles,,,1229973,
87,,Los Angeles,,,1,
88,,Los Angeles,,,1220900,
89,,Los Angeles,,,920560,
90,,Los Angeles,,,7530,
91,,Los Angeles,,,27815,
92,,Los Angeles,,,81636,
93,,Los Angeles,,,1290911,
94,,Los Angeles,,,1234865,
95,,Los Angeles,,,1505547,
96,,Los Angeles,,,130242,
97,,Los Angeles,,,383373,
98,,Los Angeles,,,1,
99,,Los Angeles,,,1428526,
100,,Los Angeles,,,12341,
101,,Los Angeles,,,1247286,
102,,Los Angeles,,,1168904,
103,,Los Angeles,,,1401541,
104,,Los Angeles,,,1424329,
105,,Los Angeles,,,1463743,
106,,Los Angeles,,,1213934,
107,,Los Angeles,,,1250503,
108,,Los Angeles,,,1237120,
109,,Los Angeles,,,1236461,
110,,Santa Clara,,,113929,
111,,Santa Clara,,,1094,
112,,Santa Clara,,,6725,
113,,Santa Clara,,,119946,
114,,Santa Clara,,,140732,
115,,Santa Clara,,,2,
116,,Santa Clara,,,56334,
117,,Santa Clara,,,36673,
118,,Santa Clara,,,118369,
119,,Santa Clara,,,96340,
120,,Santa Clara,,,12694,
121,,Santa Clara,,,146162,
122,,Santa Clara,,,38388,
123,,Santa Clara,,,148888,
124,,Santa Clara,,,140811,
125,,Santa Clara,,,2850,
126,,Santa Clara,,,542,
127,,Santa Clara,,,17993,
128,,Santa Clara,,,9215,
129,,Santa Clara,,,119743,
130,,Santa Clara,,,50315,
131,,Santa Clara,,,1666,
132,,Santa Clara,,,2339,
133,,Santa Clara,,,93557,
134,,Santa Clara,,,118901,
135,,Santa Clara,,,1148,
136,,Santa Clara,,,591,
137,,Santa Clara,,,119793,
138,,Santa Clara,,,94366,
139,,Santa Clara,,,77366,
140,,Santa Clara,,,123514,
141,,Santa Clara,,,118181,
142,,Santa Clara,,,2,
143,,Santa Clara,,,1,
144,,Santa Clara,,,1224,
145,,Santa Clara,,,2,
146,,Santa Clara,,,3063,
147,,Santa Clara,,,131492,
148,,Santa Clara,,,2571,
149,,Santa Clara,,,118269,
150,,Santa Clara,,,151169,
151,,Santa Clara,,,119060,
152,,Santa Clara,,,109276,
153,,Santa Clara,,,4,
154,,Santa Clara,,,108462,
155,,Santa Clara,,,25421,
156,,Santa Clara,,,20756,
157,,Santa Clara,,,2040,
158,,Santa Clara,,,116084,
159,,Santa Clara,,,2,
160,,Santa Clara,,,23881,
161,,Santa Clara,,,135922,
162,,Santa Clara,,,120274,
163,,Santa Clara,,,15085,
164,,San Francisco,,,14665,
165,,San Francisco,,,56617,
166,,San Francisco,,,36456,
167,,San Francisco,,,15642,
168,,San Francisco,,,1552,
169,,San Francisco,,,8794,
170,,San Francisco,,,34216,
171,,San Francisco,,,15574,
172,,San Francisco,,,1357,
173,,San Francisco,,,3722,
174,,San Francisco,,,51296,
175,,San Francisco,,,29324,
176,,San Francisco,,,6726,
177,,San Francisco,,,1502,
178,,San Francisco,,,2476,
179,,San Francisco,,,2561,
180,,San Francisco,,,46581,
181,,San Francisco,,,37246,
182,,San Francisco,,,36197,
183,,San Francisco,,,54443,
184,,San Francisco,,,41451,
185,,San Francisco,,,8349,
186,,San Francisco,,,56869,
187,,San Francisco,,,36313,
188,,San Francisco,,,52922,
189,,San Francisco,,,2440,
190,,San Francisco,,,11041,
191,,San Francisco,,,57144,
192,,San Francisco,,,35818,
193,,San Francisco,,,33079,
194,,San Francisco,,,39969,
195,,San Francisco,,,34446,
196,,San Francisco,,,2135,
197,,San Francisco,,,36255,
198,,San Francisco,,,48303,
199,,San Francisco,,,55706,
200,,San Francisco,,,37137,
201,,San Francisco,,,12402,
202,,San Francisco,,,17110,
203,,San Francisco,,,3,
204,,San Francisco,,,48120,
205,,San Francisco,,,51451,
206,,San Francisco,,,46114,
207,,San Francisco,,,12983,
208,,San Francisco,,,2402,
209,,San Francisco,,,1061,
210,,San Francisco,,,46,
211,,San Francisco,,,9918,
212,,San Francisco,,,39411,
213,,San Francisco,,,12602,
214,,San Francisco,,,6068,
215,,San Francisco,,,54762,
216,,San Francisco,,,5790,
217,,San Francisco,,,40466,
218,,San Diego,,,109641,
219,,San Diego,,,8408,
220,,San Diego,,,10413,
221,,San Diego,,,1,
222,,San Diego,,,1,
223,,San Diego,,,252313,
224,,San Diego,,,50206,
225,,San Diego,,,68203,
226,,San Diego,,,27047,
227,,San Diego,,,276024,
228,,San Diego,,,78222,
229,,San Diego,,,265969,
230,,San Diego,,,281115,
231,,San Diego,,,257868,
232,,San Diego,,,368852,
233,,San Diego,,,15759,
234,,San Diego,,,323690,
235,,San Diego,,,3432,
236,,San Diego,,,368852,
237,,San Diego,,,311011,
238,,San Diego,,,412924,
239,,San Diego,,,410514,
240,,San Diego,,,53561,
241,,San Diego,,,257093,
242,,San Diego,,,95508,
243,,San Diego,,,231544,
244,,San Diego,,,164563,
245,,San Diego,,,280272,
246,,San Diego,,,379091,
247,,San Diego,,,281207,
248,,San Diego,,,56,
249,,San Diego,,,417,
250,,San Diego,,,344001,
251,,San Diego,,,1,
252,,San Diego,,,279778,
253,,San Diego,,,11689,
254,,San Diego,,,1,
255,,San Diego,,,6009,
256,,San Diego,,,49238,
257,,San Diego,,,275475,
258,,San Diego,,,281594,
259,,San Diego,,,45210,
260,,San Diego,,,53326,
261,,San Diego,,,23745,
262,,San Diego,,,30927,
263,,San Diego,,,54377,
264,,San Diego,,,34741,
265,,San Diego,,,398335,
266,,San Diego,,,1,
267,,San Diego,,,59719,
268,,San Diego,,,6945,
269,,San Diego,,,42032,
270,,San Diego,,,267791,
271,,San Diego,,,4083,
272,,Humboldt,,,44,
273,,Humboldt,,,111,
274,,Humboldt,,,3833,
275,,Humboldt,,,1,
276,,Humboldt,,,345,
277,,Humboldt,,,7640,
278,,Humboldt,,,9102,
279,,Humboldt,,,482,
280,,Humboldt,,,8871,
281,,Humboldt,,,4080,
282,,Humboldt,,,5894,
283,,Humboldt,,,5504,
284,,Humboldt,,,1321,
285,,Humboldt,,,101,
286,,Humboldt,,,361,
287,,Humboldt,,,3587,
288,,Humboldt,,,1,
289,,Humboldt,,,104,
290,,Humboldt,,,9946,
291,,Humboldt,,,490,
292,,Humboldt,,,2494,
293,,Humboldt,,,9851,
294,,Humboldt,,,210,
295,,Humboldt,,,3419,
296,,Humboldt,,,1014,
297,,Humboldt,,,9873,
298,,Humboldt,,,658,
299,,Humboldt,,,1,
300,,Humboldt,,,489,
301,,Humboldt,,,6681,
302,,Humboldt,,,569,
303,,Humboldt,,,592,
304,,Humboldt,,,4771,
305,,Humboldt,,,3717,
306,,Humboldt,,,107,
307,,Humboldt,,,4569,
308,,Humboldt,,,1678,
309,,Humboldt,,,157,
310,,Humboldt,,,4711,
311,,Humboldt,,,2836,
312,,Humboldt,,,9404,
313,,Humboldt,,,7648,
314,,Humboldt,,,3587,
315,,Humboldt,,,9946,
316,,Humboldt,,,2458,
317,,Humboldt,,,4462,
318,,Humboldt,,,129,
319,,Humboldt,,,3717,
320,,Humboldt,,,255,
321,,Humboldt,,,236,
322,,Humboldt,,,228,
323,,Humboldt,,,3349,
324,,Humboldt,,,9424,
325,,Sacramento,,,26315,
326,,Sacramento,,,166100,
327,,Sacramento,,,112421,
328,,Sacramento,,,65077,
329,,Sacramento,,,1132,
330,,Sacramento,,,16,
331,,Sacramento,,,155371,
332,,Sacramento,,,20544,
333,,Sacramento,,,1623,
334,,Sacramento,,,70163,
335,,Sacramento,,,5151,
336,,Sacramento,,,9663,
337,,Sacramento,,,4394,
338,,Sacramento,,,162808,
339,,Sacramento,,,20062,
340,,Sacramento,,,25263,
341,,Sacramento,,,1053,
342,,Sacramento,,,579,
343,,Sacramento,,,96781,
344,,Sacramento,,,110943,
345,,Sacramento,,,80153,
346,,Sacramento,,,23362,
347,,Sacramento,,,7685,
348,,Sacramento,,,23849,
349,,Sacramento,,,4003,
350,,Sacramento,,,52,
351,,Sacramento,,,167399,
352,,Sacramento,,,9513,
353,,Sacramento,,,6173,
354,,Sacramento,,,90251,
355,,Sacramento,,,134919,
356,,Sacramento,,,168353,
357,,Sacramento,,,77200,
358,,Sacramento,,,107820,
359,,Sacramento,,,22182,
360,,Sacramento,,,159636,
361,,Sacramento,,,85697,
362,,Sacramento,,,166604,
363,,Sacramento,,,92427,
364,,Sacramento,,,87414,
365,,Sacramento,,,89652,
366,,Sacramento,,,1309,
367,,Sacramento,,,101057,
368,,Sacramento,,,23419,
369,,Sacramento,,,106634,
370,,Sacramento,,,114630,
371,,Sacramento,,,31851,
372,,Sacramento,,,95087,
373,,Sacramento,,,147431,
374,,Sacramento,,,101171,
375,,Sacramento,,,78267,
376,,Sacramento,,,123588,
377,,Sacramento,,,111838,
378,,Solano,,,984,
379,,Solano,,,22237,
380,,Solano,,,46876,
381,,Solano,,,47698,
382,,Solano,,,33496,
383,,Solano,,,30029,
384,,Solano,,,32052,
385,,Solano,,,33223,
386,,Solano,,,9296,
387,,Solano,,,33496,
388,,Solano,,,44457,
389,,Solano,,,31678,
390,,Solano,,,25221,
391,,Solano,,,7639,
392,,Solano,,,33031,
393,,Solano,,,1039,
394,,Solano,,,32757,
395,,Solano,,,46068,
396,,Solano,,,12,
397,,Solano,,,47789,
398,,Solano,,,30409,
399,,Solano,,,32318,
400,,Solano,,,39511,
401,,Solano,,,3525,
402,,Solano,,,34255,
403,,Solano,,,36,
404,,Solano,,,21525,
405,,Solano,,,6424,
406,,Solano,,,35768,
407,,Solano,,,3616,
408,,Solano,,,46850,
409,,Solano,,,32917,
410,,Solano,,,161,
411,,Solano,,,30310,
412,,Solano,,,26499,
413,,Solano,,,6012,
414,,Solano,,,10736,
415,,Solano,,,54,
416,,Solano,,,6180,
417,,Solano,,,26196,
418,,Solano,,,9929,
419,,Solano,,,15013,
420,,Solano,,,39816,
421,,Solano,,,30120,
422,,Solano,,,12,
423,,Solano,,,5676,
424,,Solano,,,32482,
425,,Solano,,,551,
426,,Solano,,,23319,
427,,Solano,,,47427,
428,,Solano,,,32757,
429,,Solano,,,185,
430,,Marin,,,7808,
431,,Marin,,,17644,
432,,Marin,,,7090,
433,,Marin,,,16104,
434,,Marin,,,14186,
435,,Marin,,,4932,
436,,Marin,,,13470,
437,,Marin,,,1,
438,,Marin,,,18113,
439,,Marin,,,9360,
440,,Marin,,,16328,
441,,Marin,,,12591,
442,,Marin,,,13152,
443,,Marin,,,257,
444,,Marin,,,14567,
445,,Marin,,,17285,
446,,Marin,,,11214,
447,,Marin,,,14061,
448,,Marin,,,13408,
449,,Marin,,,17106,
450,,Marin,,,14061,
451,,Marin,,,551,
452,,Marin,,,16400,
453,,Marin,,,13658,
454,,Marin,,,12945,
455,,Marin,,,483,
456,,Marin,,,12810,
457,,Marin,,,4,
458,,Marin,,,3402,
459,,Marin,,,6672,
460,,Marin,,,4553,
461,,Marin,,,15497,
462,,Marin,,,9616,
463,,Marin,,,8752,
464,,Marin,,,131,
465,,Marin,,,1470,
466,,Marin,,,7107,
467,,Marin,,,14095,
468,,Marin,,,13997,
469,,Marin,,,11627,
470,,Marin,,,4649,
471,,Marin,,,6775,
472,,Marin,,,11899,
473,,Marin,,,13804,
474,,Marin,,,7560,
475,,Marin,,,13731,
476,,Marin,,,17200,
477,,Marin,,,153,
478,,Marin,,,6730,
479,,Marin,,,13335,
480,,Marin,,,571,
481,,Marin,,,2,
482,,Napa,,,1,
483,,Napa,,,1909,
484,,Napa,,,1063,
485,,Napa,,,3091,
486,,Napa,,,1283,
487,,Napa,,,9500,
488,,Napa,,,12089,
489,,Napa,,,130,
490,,Napa,,,343,
491,,Napa,,,10598,
492,,Napa,,,8977,
493,,Napa,,,1993,
494,,Napa,,,9927,
495,,Napa,,,9057,
496,,Napa,,,9322,
497,,Napa,,,13507,
498,,Napa,,,61,
499,,Napa,,,7158,
500,,Napa,,,259,
501,,Napa,,,12959,
502,,Napa,,,10379,
503,,Napa,,,770,
504,,Napa,,,8640,
505,,Napa,,,9871,
506,,Napa,,,12335,
507,,Napa,,,80,
508,,Napa,,,13301,
509,,Napa,,,3227,
510,,Napa,,,9181,
511,,Napa,,,110,
512,,Napa,,,10011,
513,,Napa,,,12798,
514,,Napa,,,10075,
515,,Napa,,,1265,
516,,Napa,,,610,
517,,Napa,,,10448,
518,,Napa,,,9775,
519,,Napa,,,9978,
520,,Napa,,,1404,
521,,Napa,,,9757,
522,,Napa,,,8999,
523,,Napa,,,1056,
524,,Napa,,,10027,
525,,Napa,,,1,
526,,Napa,,,2243,
527,,Napa,,,10448,
528,,Napa,,,9888,
529,,Napa,,,11529,
530,,Napa,,,162,
531,,Napa,,,10209,
532,,Napa,,,9861,
533,,Napa,,,10037,
534,,Sonoma,,,3113,
535,,Sonoma,,,14705,
536,,Sonoma,,,9569,
537,,Sonoma,,,3,
538,,Sonoma,,,32760,
539,,Sonoma,,,38927,
540,,Sonoma,,,10606,
541,,Sonoma,,,1185,
542,,Sonoma,,,29219,
543,,Sonoma,,,28981,
544,,Sonoma,,,42314,
545,,Sonoma,,,2662,
546,,Sonoma,,,4293,
547,,Sonoma,,,21067,
548,,Sonoma,,,42596,
549,,Sonoma,,,8717,
550,,Sonoma,,,4779,
551,,Sonoma,,,33639,
552,,Sonoma,,,28915,
553,,Sonoma,,,222,
554,,Sonoma,,,2748,
555,,Sonoma,,,30336,
556,,Sonoma,,,935,
557,,Sonoma,,,31160,
558,,Sonoma,,,38642,
559,,Sonoma,,,29090,
560,,Sonoma,,,35856,
561,,Sonoma,,,3859,
562,,Sonoma,,,33528,
563,,Sonoma,,,29431,
564,,Sonoma,,,39376,
565,,Sonoma,,,91,
566,,Sonoma,,,29778,
567,,Sonoma,,,2,
568,,Sonoma,,,30257,
569,,Sonoma,,,16495,
570,,Sonoma,,,25160,
571,,Sonoma,,,40865,
572,,Sonoma,,,27414,
573,,Sonoma,,,26939,
574,,Sonoma,,,160,
575,,Sonoma,,,28193,
576,,Sonoma,,,40711,
577,,Sonoma,,,30752,
578,,Sonoma,,,956,
579,,Sonoma,,,10679,
580,,Sonoma,,,30616,
581,,Sonoma,,,15702,
582,,Sonoma,,,31026,
583,,Sonoma,,,351,
584,,Sonoma,,,34225,
585,,Sonoma,,,6561,
586,,Alameda,,,22759,
587,,Alameda,,,20769,
588,,Alameda,,,2372,
589,,Alameda,,,88178,
590,,Alameda,,,99873,
591,,Alameda,,,119111,
592,,Alameda,,,116669,
593,,Alameda,,,120713,
594,,Alameda,,,3310,
595,,Alameda,,,117408,
596,,Alameda,,,79817,
597,,Alameda,,,123835,
598,,Alameda,,,113250,
599,,Alameda,,,10510,
600,,Alameda,,,61132,
601,,Alameda,,,2581,
602,,Alameda,,,67973,
603,,Alameda,,,31225,
604,,Alameda,,,15857,
605,,Alameda,,,22346,
606,,Alameda,,,115859,
607,,Alameda,,,2630,
608,,Alameda,,,62067,
609,,Alameda,,,83882,
610,,Alameda,,,2321,
611,,Alameda,,,29,
612,,Alameda,,,1726,
613,,Alameda,,,121216,
614,,Alameda,,,20579,
615,,Alameda,,,119908,
616,,Alameda,,,13685,
617,,Alameda,,,88976,
618,,Alameda,,,88566,
619,,Alameda,,,10235,
620,,Alameda,,,51611,
621,,Alameda,,,113520,
622,,Alameda,,,22300,
623,,Alameda,,,151,
624,,Alameda,,,11505,
625,,Alameda,,,109632,
626,,Alameda,,,26068,
627,,Alameda,,,116089,
628,,Alameda,,,87428,
629,,Alameda,,,156,
630,,Alameda,,,22429,
631,,Alameda,,,123173,
632,,Alameda,,,5691,
633,,Alameda,,,121563,
634,,Alameda,,,84647,
635,,Alameda,,,2154,
636,,Alameda,,,2478,
637,,Alameda,,,81189,
638,,Placer,,,23793,
639,,Placer,,,4088,
640,,Placer,,,1938,
641,,Placer,,,26248,
642,,Placer,,,11246,
643,,Placer,,,1077,
644,,Placer,,,17380,
645,,Placer,,,34002,
646,,Placer,,,194,
647,,Placer,,,228,
648,,Placer,,,42120,
649,,Placer,,,4692,
650,,Placer,,,9722,
651,,Placer,,,97,
652,,Placer,,,11541,
653,,Placer,,,993,
654,,Placer,,,1167,
655,,Placer,,,12262,
656,,Placer,,,28594,
657,,Placer,,,11968,
658,,Placer,,,23633,
659,,Placer,,,41428,
660,,Placer,,,3757,
661,,Placer,,,139,
662,,Placer,,,39157,
663,,Placer,,,22942,
664,,Placer,,,38264,
665,,Placer,,,40951,
666,,Placer,,,26894,
667,,Placer,,,188,
668,,Placer,,,3694,
669,,Placer,,,18430,
670,,Placer,,,19175,
671,,Placer,,,2899,
672,,Placer,,,4088,
673,,Placer,,,3864,
674,,Placer,,,41881,
675,,Placer,,,4290,
676,,Placer,,,4023,
677,,Placer,,,19646,
678,,Placer,,,13755,
679,,Placer,,,143,
680,,Placer,,,20665,
681,,Placer,,,40716,
682,,Placer,,,2643,
683,,Placer,,,3845,
684,,Placer,,,38902,
685,,Placer,,,15978,
686,,Placer,,,8,
687,,Placer,,,7,
688,,Placer,,,30622,
689,,Placer,,,3083,
690,,San Mateo,,,40649,
691,,San Mateo,,,9843,
692,,San Mateo,,,44833,
693,,San Mateo,,,5469,
694,,San Mateo,,,12127,
695,,San Mateo,,,35882,
696,,San Mateo,,,40754,
697,,San Mateo,,,11149,
698,,San Mateo,,,54046,
699,,San Mateo,,,40024,
700,,San Mateo,,,1533,
701,,San Mateo,,,39096,
702,,San Mateo,,,41926,
703,,San Mateo,,,10510,
704,,San Mateo,,,24589,
705,,San Mateo,,,6431,
706,,San Mateo,,,10347,
707,,San Mateo,,,33207,
708,,San Mateo,,,40901,
709,,San Mateo,,,37548,
710,,San Mateo,,,48910,
711,,San Mateo,,,1499,
712,,San Mateo,,,20,
713,,San Mateo,,,43443,
714,,San Mateo,,,42630,
715,,San Mateo,,,2190,
716,,San Mateo,,,26497,
717,,San Mateo,,,50748,
718,,San Mateo,,,9332,
719,,San Mateo,,,48545,
720,,San Mateo,,,1080,
721,,San Mateo,,,4957,
722,,San Mateo,,,10069,
723,,San Mateo,,,2342,
724,,San Mateo,,,33731,
725,,San Mateo,,,10126,
726,,San Mateo,,,309,
727,,San Mateo,,,9,
728,,San Mateo,,,22241,
729,,San Mateo,,,49515,
730,,San Mateo,,,797,
731,,San Mateo,,,52471,
732,,San Mateo,,,42389,
733,,San Mateo,,,54168,
734,,San Mateo,,,42685,
735,,San Mateo,,,33731,
736,,San Mateo,,,56923,
737,,San Mateo,,,1136,
738,,San Mateo,,,47523,
739,,San Mateo,,,38552,
740,,San Mateo,,,10510,
741,,San Mateo,,,42083,
742,,Contra Costa,,,80753,
743,,Contra Costa,,,72801,
744,,Contra Costa,,,68503,
745,,Contra Costa,,,1877,
746,,Contra Costa,,,66927,
747,,Contra Costa,,,18567,
748,,Contra Costa,,,18718,
749,,Contra Costa,,,99102,
750,,Contra Costa,,,2971,
751,,Contra Costa,,,12663,
752,,Contra Costa,,,65370,
753,,Contra Costa,,,97417,
754,,Contra Costa,,,87625,
755,,Contra Costa,,,18393,
756,,Contra Costa,,,70116,
757,,Contra Costa,,,94149,
758,,Contra Costa,,,84524,
759,,Contra Costa,,,24275,
760,,Contra Costa,,,907,
761,,Contra Costa,,,69392,
762,,Contra Costa,,,98470,
763,,Contra Costa,,,615,
764,,Contra Costa,,,20193,
765,,Contra Costa,,,64358,
766,,Contra Costa,,,53844,
767,,Contra Costa,,,2071,
768,,Contra Costa,,,26703,
769,,Contra Costa,,,103292,
770,,Contra Costa,,,96331,
771,,Contra Costa,,,2676,
772,,Contra Costa,,,105074,
773,,Contra Costa,,,11668,
774,,Contra Costa,,,14885,
775,,Contra Costa,,,59895,
776,,Contra Costa,,,103292,
777,,Contra Costa,,,1192,
778,,Contra Costa,,,1384,
779,,Contra Costa,,,2294,
780,,Contra Costa,,,71478,
781,,Contra Costa,,,92141,
782,,Contra Costa,,,934,
783,,Contra Costa,,,75186,
784,,Contra Costa,,,64096,
785,,Contra Costa,,,35788,
786,,Contra Costa,,,2026,
787,,Contra Costa,,,95152,
788,,Contra Costa,,,44274,
789,,Contra Costa,,,12663,
790,,Contra Costa,,,102113,
791,,Contra Costa,,,68051,
792,,Contra Costa,,,108,
793,,Contra Costa,,,98156,
794,,Yolo,,,216,
795,,Yolo,,,21276,
796,,Yolo,,,3250,
797,,Yolo,,,4139,
798,,Yolo,,,21914,
799,,Yolo,,,12303,
800,,Yolo,,,14067,
801,,Yolo,,,14628,
802,,Yolo,,,19118,
803,,Yolo,,,14120,
804,,Yolo,,,18674,
805,,Yolo,,,13784,
806,,Yolo,,,12787,
807,,Yolo,,,21451,
808,,Yolo,,,21673,
809,,Yolo,,,172,
810,,Yolo,,,19192,
811,,Yolo,,,1446,
812,,Yolo,,,213,
813,,Yolo,,,1225,
814,,Yolo,,,13898,
815,,Yolo,,,2046,
816,,Yolo,,,12025,
817,,Yolo,,,20397,
818,,Yolo,,,1,
819,,Yolo,,,10620,
820,,Yolo,,,5639,
821,,Yolo,,,13478,
822,,Yolo,,,207,
823,,Yolo,,,386,
824,,Yolo,,,999,
825,,Yolo,,,155,
826,,Yolo,,,2765,
827,,Yolo,,,13359,
828,,Yolo,,,14165,
829,,Yolo,,,1927,
830,,Yolo,,,14050,
831,,Yolo,,,12506,
832,,Yolo,,,2754,
833,,Yolo,,,3073,
834,,Yolo,,,21547,
835,,Yolo,,,839,
836,,Yolo,,,12895,
837,,Yolo,,,6267,
838,,Yolo,,,21353,
839,,Yolo,,,13427,
840,,Yolo,,,21722,
841,,Yolo,,,14064,
842,,Yolo,,,8238,
843,,Yolo,,,1,
844,,Yolo,,,3814,
845,,Yolo,,,11,
846,,Fresno,,,27843,
847,,Fresno,,,102894,
848,,Fresno,,,16272,
849,,Fresno,,,27487,
850,,Fresno,,,94794,
851,,Fresno,,,31251,
852,,Fresno,,,96023,
853,,Fresno,,,315,
854,,Fresno,,,89542,
855,,Fresno,,,37947,
856,,Fresno,,,112233,
857,,Fresno,,,4374,
858,,Fresno,,,222,
859,,Fresno,,,144123,
860,,Fresno,,,120525,
861,,Fresno,,,102680,
862,,Fresno,,,37063,
863,,Fresno,,,155092,
864,,Fresno,,,86336,
865,,Fresno,,,93065,
866,,Fresno,,,25978,
867,,Fresno,,,94374,
868,,Fresno,,,371,
869,,Fresno,,,28706,
870,,Fresno,,,101792,
871,,Fresno,,,8756,
872,,Fresno,,,135861,
873,,Fresno,,,633,
874,,Fresno,,,124722,
875,,Fresno,,,101263,
876,,Fresno,,,137387,
877,,Fresno,,,27769,
878,,Fresno,,,32022,
879,,Fresno,,,724,
880,,Fresno,,,151513,
881,,Fresno,,,113113,
882,,Fresno,,,130757,
883,,Fresno,,,32430,
884,,Fresno,,,118316,
885,,Fresno,,,155716,
886,,Fresno,,,945,
887,,Fresno,,,59640,
888,,Fresno,,,130227,
889,,Fresno,,,101326,
890,,Fresno,,,103020,
891,,Fresno,,,5626,
892,,Fresno,,,15448,
893,,Fresno,,,1631,
894,,Fresno,,,97520,
895,,Fresno,,,142025,
896,,Fresno,,,115322,
897,,Fresno,,,58568,
898,,Madera,,,16696,
899,,Madera,,,5249,
900,,Madera,,,4642,
901,,Madera,,,4836,
902,,Madera,,,1889,
903,,Madera,,,14130,
904,,Madera,,,16696,
905,,Madera,,,18362,
906,,Madera,,,2267,
907,,Madera,,,20689,
908,,Madera,,,21426,
909,,Madera,,,16603,
910,,Madera,,,578,
911,,Madera,,,4642,
912,,Madera,,,26180,
913,,Madera,,,16277,
914,,Madera,,,117,
915,,Madera,,,69,
916,,Madera,,,16597,
917,,Madera,,,12063,
918,,Madera,,,24921,
919,,Madera,,,54,
920,,Madera,,,10752,
921,,Madera,,,1,
922,,Madera,,,16513,
923,,Madera,,,19145,
924,,Madera,,,14000,
925,,Madera,,,3783,
926,,Madera,,,25546,
927,,Madera,,,16535,
928,,Madera,,,16346,
929,,Madera,,,39,
930,,Madera,,,25022,
931,,Madera,,,4822,
932,,Madera,,,40,
933,,Madera,,,14984,
934,,Madera,,,16408,
935,,Madera,,,5426,
936,,Madera,,,370,
937,,Madera,,,5330,
938,,Madera,,,4739,
939,,Madera,,,21209,
940,,Madera,,,14912,
941,,Madera,,,4296,
942,,Madera,,,1451,
943,,Madera,,,3953,
944,,Madera,,,16166,
945,,Madera,,,383,
946,,Madera,,,15877,
947,,Madera,,,26534,
948,,Madera,,,7468,
949,,Madera,,,14572,
950,,Riverside,,,298262,
951,,Riverside,,,12,
952,,Riverside,,,293600,
953,,Riverside,,,301820,
954,,Riverside,,,61416,
955,,Riverside,,,358882,
956,,Riverside,,,280170,
957,,Riverside,,,301799,
958,,Riverside,,,74180,
959,,Riverside,,,309823,
960,,Riverside,,,38642,
961,,Riverside,,,313507,
962,,Riverside,,,131822,
963,,Riverside,,,279189,
964,,Riverside,,,296908,
965,,Riverside,,,56681,
966,,Riverside,,,301799,
967,,Riverside,,,371293,
968,,Riverside,,,318968,
969,,Riverside,,,295426,
970,,Riverside,,,48630,
971,,Riverside,,,289185,
972,,Riverside,,,264363,
973,,Riverside,,,300879,
974,,Riverside,,,292967,
975,,Riverside,,,309041,
976,,Riverside,,,366901,
977,,Riverside,,,31163,
978,,Riverside,,,301820,
979,,Riverside,,,377219,
980,,Riverside,,,185,
981,,Riverside,,,374712,
982,,Riverside,,,325833,
983,,Riverside,,,391584,
984,,Riverside,,,69407,
985,,Riverside,,,387678,
986,,Riverside,,,86854,
987,,Riverside,,,174477,
988,,Riverside,,,301820,
989,,Riverside,,,95255,
990,,Riverside,,,369344,
991,,Riverside,,,14905,
992,,Riverside,,,317725,
993,,Riverside,,,946,
994,,Riverside,,,195,
995,,Riverside,,,70696,
996,,Riverside,,,324246,
997,,Riverside,,,4180,
998,,Riverside,,,76724,
999,,Riverside,,,301603,
1000,,Riverside,,,54868,
1001,,Riverside,,,57695,
1002,,Santa Cruz,,,14790,
1003,,Santa Cruz,,,15899,
1004,,Santa Cruz,,,2189,
1005,,Santa Cruz,,,108,
1006,,Santa Cruz,,,10717,
1007,,Santa Cruz,,,4529,
1008,,Santa Cruz,,,8310,
1009,,Santa Cruz,,,2494,
1010,,Santa Cruz,,,14863,
1011,,Santa Cruz,,,939,
1012,,Santa Cruz,,,14937,
1013,,Santa Cruz,,,2722,
1014,,Santa Cruz,,,17461,
1015,,Santa Cruz,,,2527,
1016,,Santa Cruz,,,15101,
1017,,Santa Cruz,,,878,
1018,,Santa Cruz,,,9579,
1019,,Santa Cruz,,,17754,
1020,,Santa Cruz,,,16188,
1021,,Santa Cruz,,,1152,
1022,,Santa Cruz,,,2,
1023,,Santa Cruz,,,891,
1024,,Santa Cruz,,,15301,
1025,,Santa Cruz,,,16289,
1026,,Santa Cruz,,,234,
1027,,Santa Cruz,,,17707,
1028,,Santa Cruz,,,174,
1029,,Santa Cruz,,,2,
1030,,Santa Cruz,,,18415,
1031,,Santa Cruz,,,466,
1032,,Santa Cruz,,,137,
1033,,Santa Cruz,,,106,
1034,,Santa Cruz,,,1420,
1035,,Santa Cruz,,,257,
1036,,Santa Cruz,,,1,
1037,,Santa Cruz,,,571,
1038,,Santa Cruz,,,2696,
1039,,Santa Cruz,,,21034,
1040,,Santa Cruz,,,2771,
1041,,Santa Cruz,,,2330,
1042,,Santa Cruz,,,13683,
1043,,Santa Cruz,,,13235,
1044,,Santa Cruz,,,15196,
1045,,Santa Cruz,,,2744,
1046,,Santa Cruz,,,21034,
1047,,Santa Cruz,,,15968,
1048,,Santa Cruz,,,2788,
1049,,Santa Cruz,,,15264,
1050,,Santa Cruz,,,15258,
1051,,Santa Cruz,,,14736,
1052,,Santa Cruz,,,15,
1053,,Santa Cruz,,,101,
1054,,Shasta,,,11211,
1055,,Shasta,,,12175,
1056,,Shasta,,,3195,
1057,,Shasta,,,18350,
1058,,Shasta,,,11353,
1059,,Shasta,,,18769,
1060,,Shasta,,,25583,
1061,,Shasta,,,14765,
1062,,Shasta,,,148,
1063,,Shasta,,,12175,
1064,,Shasta,,,11480,
1065,,Shasta,,,6853,
1066,,Shasta,,,15882,
1067,,Shasta,,,12409,
1068,,Shasta,,,34,
1069,,Shasta,,,469,
1070,,Shasta,,,24749,
1071,,Shasta,,,14509,
1072,,Shasta,,,31,
1073,,Shasta,,,12559,
1074,,Shasta,,,1242,
1075,,Shasta,,,26221,
1076,,Shasta,,,11480,
1077,,Shasta,,,777,
1078,,Shasta,,,11086,
1079,,Shasta,,,8060,
1080,,Shasta,,,15481,
1081,,Shasta,,,176,
1082,,Shasta,,,32,
1083,,Shasta,,,11651,
1084,,Shasta,,,11102,
1085,,Shasta,,,7221,
1086,,Shasta,,,50,
1087,,Shasta,,,10333,
1088,,Shasta,,,2980,
1089,,Shasta,,,46,
1090,,Shasta,,,5490,
1091,,Shasta,,,10810,
1092,,Shasta,,,18486,
1093,,Shasta,,,12042,
1094,,Shasta,,,9594,
1095,,Shasta,,,11830,
1096,,Shasta,,,24523,
1097,,Shasta,,,411,
1098,,Shasta,,,12472,
1099,,Shasta,,,11215,
1100,,Shasta,,,612,
1101,,Shasta,,,22386,
1102,,Shasta,,,49,
1103,,Shasta,,,1353,
1104,,Shasta,,,15002,
1105,,San Joaquin,,,105829,
1106,,San Joaquin,,,27469,
1107,,San Joaquin,,,16131,
1108,,San Joaquin,,,17637,
1109,,San Joaquin,,,22635,
1110,,San Joaquin,,,18558,
1111,,San Joaquin,,,70117,
1112,,San Joaquin,,,21187,
1113,,San Joaquin,,,79959,
1114,,San Joaquin,,,67123,
1115,,San Joaquin,,,99013,
1116,,San Joaquin,,,107000,
1117,,San Joaquin,,,24804,
1118,,San Joaquin,,,22556,
1119,,San Joaquin,,,86886,
1120,,San Joaquin,,,31720,
1121,,San Joaquin,,,90511,
1122,,San Joaquin,,,74257,
1123,,San Joaquin,,,18799,
1124,,San Joaquin,,,79321,
1125,,San Joaquin,,,73794,
1126,,San Joaquin,,,80696,
1127,,San Joaquin,,,16845,
1128,,San Joaquin,,,72478,
1129,,San Joaquin,,,72395,
1130,,San Joaquin,,,71972,
1131,,San Joaquin,,,25675,
1132,,San Joaquin,,,100369,
1133,,San Joaquin,,,73617,
1134,,San Joaquin,,,69550,
1135,,San Joaquin,,,66290,
1136,,San Joaquin,,,10923,
1137,,San Joaquin,,,1493,
1138,,San Joaquin,,,1,
1139,,San Joaquin,,,84805,
1140,,San Joaquin,,,74419,
1141,,San Joaquin,,,69112,
1142,,San Joaquin,,,335,
1143,,San Joaquin,,,82989,
1144,,San Joaquin,,,56642,
1145,,San Joaquin,,,90070,
1146,,San Joaquin,,,88591,
1147,,San Joaquin,,,19793,
1148,,San Joaquin,,,2884,
1149,,San Joaquin,,,74686,
1150,,San Joaquin,,,3093,
1151,,San Joaquin,,,73544,
1152,,San Joaquin,,,108521,
1153,,San Joaquin,,,529,
1154,,San Joaquin,,,49682,
1155,,San Joaquin,,,104673,
1156,,Ventura,,,103646,
1157,,Ventura,,,98211,
1158,,Ventura,,,11497,
1159,,Ventura,,,476,
1160,,Ventura,,,31407,
1161,,Ventura,,,80554,
1162,,Ventura,,,80230,
1163,,Ventura,,,9490,
1164,,Ventura,,,81776,
1165,,Ventura,,,13645,
1166,,Ventura,,,102908,
1167,,Ventura,,,10126,
1168,,Ventura,,,384,
1169,,Ventura,,,86689,
1170,,Ventura,,,81609,
1171,,Ventura,,,8953,
1172,,Ventura,,,725,
1173,,Ventura,,,8084,
1174,,Ventura,,,4278,
1175,,Ventura,,,8162,
1176,,Ventura,,,102510,
1177,,Ventura,,,11254,
1178,,Ventura,,,79588,
1179,,Ventura,,,1190,
1180,,Ventura,,,81572,
1181,,Ventura,,,102753,
1182,,Ventura,,,63995,
1183,,Ventura,,,100337,
1184,,Ventura,,,1303,
1185,,Ventura,,,14192,
1186,,Ventura,,,81457,
1187,,Ventura,,,80502,
1188,,Ventura,,,19,
1189,,Ventura,,,10606,
1190,,Ventura,,,81280,
1191,,Ventura,,,13805,
1192,,Ventura,,,37572,
1193,,Ventura,,,100524,
1194,,Ventura,,,10313,
1195,,Ventura,,,81884,
1196,,Ventura,,,18185,
1197,,Ventura,,,79668,
1198,,Ventura,,,23473,
1199,,Ventura,,,13242,
1200,,Ventura,,,100882,
1201,,Ventura,,,98292,
1202,,Ventura,,,45014,
1203,,Ventura,,,109,
1204,,Ventura,,,1116,
1205,,Ventura,,,80430,
1206,,Ventura,,,103376,
1207,,Stanislaus,,,92229,
1208,,Stanislaus,,,68731,
1209,,Stanislaus,,,659,
1210,,Stanislaus,,,236,
1211,,Stanislaus,,,92542,
1212,,Stanislaus,,,501,
1213,,Stanislaus,,,34682,
1214,,Stanislaus,,,187,
1215,,Stanislaus,,,89331,
1216,,Stanislaus,,,70547,
1217,,Stanislaus,,,47808,
1218,,Stanislaus,,,14257,
1219,,Stanislaus,,,56985,
1220,,Stanislaus,,,593,
1221,,Stanislaus,,,71893,
1222,,Stanislaus,,,7994,
1223,,Stanislaus,,,90634,
1224,,Stanislaus,,,50983,
1225,,Stanislaus,,,55347,
1226,,Stanislaus,,,52251,
1227,,Stanislaus,,,81209,
1228,,Stanislaus,,,23,
1229,,Stanislaus,,,19821,
1230,,Stanislaus,,,428,
1231,,Stanislaus,,,411,
1232,,Stanislaus,,,58602,
1233,,Stanislaus,,,5356,
1234,,Stanislaus,,,70854,
1235,,Stanislaus,,,63792,
1236,,Stanislaus,,,6077,
1237,,Stanislaus,,,92709,
1238,,Stanislaus,,,17898,
1239,,Stanislaus,,,32561,
1240,,Stanislaus,,,63041,
1241,,Stanislaus,,,13120,
1242,,Stanislaus,,,84010,
1243,,Stanislaus,,,85750,
1244,,Stanislaus,,,24964,
1245,,Stanislaus,,,1122,
1246,,Stanislaus,,,14482,
1247,,Stanislaus,,,64792,
1248,,Stanislaus,,,77295,
1249,,Stanislaus,,,80034,
1250,,Stanislaus,,,865,
1251,,Stanislaus,,,28432,
1252,,Stanislaus,,,37524,
1253,,Stanislaus,,,15441,
1254,,Stanislaus,,,6508,
1255,,Stanislaus,,,699,
1256,,Stanislaus,,,59603,
1257,,Stanislaus,,,20302,
1258,,Tulare,,,80375,
1259,,Tulare,,,49934,
1260,,Tulare,,,79513,
1261,,Tulare,,,15114,
1262,,Tulare,,,48740,
1263,,Tulare,,,49585,
1264,,Tulare,,,1140,
1265,,Tulare,,,72498,
1266,,Tulare,,,18312,
1267,,Tulare,,,2564,
1268,,Tulare,,,532,
1269,,Tulare,,,61145,
1270,,Tulare,,,74941,
1271,,Tulare,,,14552,
1272,,Tulare,,,44440,
1273,,Tulare,,,49510,
1274,,Tulare,,,46344,
1275,,Tulare,,,187,
1276,,Tulare,,,5175,
1277,,Tulare,,,4156,
1278,,Tulare,,,12,
1279,,Tulare,,,47869,
1280,,Tulare,,,17852,
1281,,Tulare,,,70089,
1282,,Tulare,,,35890,
1283,,Tulare,,,504,
1284,,Tulare,,,30827,
1285,,Tulare,,,17120,
1286,,Tulare,,,6683,
1287,,Tulare,,,9454,
1288,,Tulare,,,13890,
1289,,Tulare,,,49054,
1290,,Tulare,,,70480,
1291,,Tulare,,,352,
1292,,Tulare,,,16204,
1293,,Tulare,,,17590,
1294,,Tulare,,,6683,
1295,,Tulare,,,59,
1296,,Tulare,,,436,
1297,,Tulare,,,75912,
1298,,Tulare,,,60136,
1299,,Tulare,,,78224,
1300,,Tulare,,,49188,
1301,,Tulare,,,61980,
1302,,Tulare,,,49934,
1303,,Tulare,,,720,
1304,,Tulare,,,5009,
1305,,Tulare,,,19752,
1306,,Tulare,,,49934,
1307,,Tulare,,,49469,
1308,,Tulare,,,441,
1309,,San Benito,,,53,
1310,,San Benito,,,23,
1311,,San Benito,,,1407,
1312,,San Benito,,,2,
1313,,San Benito,,,6397,
1314,,San Benito,,,7449,
1315,,San Benito,,,185,
1316,,San Benito,,,1177,
1317,,San Benito,,,5,
1318,,San Benito,,,4266,
1319,,San Benito,,,5238,
1320,,San Benito,,,6074,
1321,,San Benito,,,7582,
1322,,San Benito,,,7607,
1323,,San Benito,,,76,
1324,,San Benito,,,47,
1325,,San Benito,,,6799,
1326,,San Benito,,,5893,
1327,,San Benito,,,5284,
1328,,San Benito,,,3739,
1329,,San Benito,,,7095,
1330,,San Benito,,,206,
1331,,San Benito,,,21,
1332,,San Benito,,,5386,
1333,,San Benito,,,3673,
1334,,San Benito,,,1968,
1335,,San Benito,,,7373,
1336,,San Benito,,,7537,
1337,,San Benito,,,5553,
1338,,San Benito,,,1525,
1339,,San Benito,,,6261,
1340,,San Benito,,,11,
1341,,San Benito,,,715,
1342,,San Benito,,,6083,
1343,,San Benito,,,6567,
1344,,San Benito,,,1374,
1345,,San Benito,,,5609,
1346,,San Benito,,,4850,
1347,,San Benito,,,6074,
1348,,San Benito,,,1209,
1349,,San Benito,,,5772,
1350,,San Benito,,,5932,
1351,,San Benito,,,55,
1352,,San Benito,,,7694,
1353,,San Benito,,,7717,
1354,,San Benito,,,1090,
1355,,San Benito,,,5,
1356,,San Benito,,,5941,
1357,,San Benito,,,7759,
1358,,San Benito,,,9,
1359,,San Benito,,,1314,
1360,,San Luis Obispo,,,17151,
1361,,San Luis Obispo,,,258,
1362,,San Luis Obispo,,,125,
1363,,San Luis Obispo,,,169,
1364,,San Luis Obispo,,,19643,
1365,,San Luis Obispo,,,6,
1366,,San Luis Obispo,,,404,
1367,,San Luis Obispo,,,20649,
1368,,San Luis Obispo,,,3510,
1369,,San Luis Obispo,,,21071,
1370,,San Luis Obispo,,,5038,
1371,,San Luis Obispo,,,21196,
1372,,San Luis Obispo,,,16437,
1373,,San Luis Obispo,,,3074,
1374,,San Luis Obispo,,,30934,
1375,,San Luis Obispo,,,33,
1376,,San Luis Obispo,,,31259,
1377,,San Luis Obispo,,,29075,
1378,,San Luis Obispo,,,89,
1379,,San Luis Obispo,,,9061,
1380,,San Luis Obispo,,,253,
1381,,San Luis Obispo,,,30146,
1382,,San Luis Obispo,,,2047,
1383,,San Luis Obispo,,,676,
1384,,San Luis Obispo,,,28035,
1385,,San Luis Obispo,,,166,
1386,,San Luis Obispo,,,765,
1387,,San Luis Obispo,,,9504,
1388,,San Luis Obispo,,,16228,
1389,,San Luis Obispo,,,6540,
1390,,San Luis Obispo,,,4846,
1391,,San Luis Obispo,,,11635,
1392,,San Luis Obispo,,,5607,
1393,,San Luis Obispo,,,23116,
1394,,San Luis Obispo,,,293,
1395,,San Luis Obispo,,,21164,
1396,,San Luis Obispo,,,28890,
1397,,San Luis Obispo,,,4342,
1398,,San Luis Obispo,,,1783,
1399,,San Luis Obispo,,,31892,
1400,,San Luis Obispo,,,71,
1401,,San Luis Obispo,,,23566,
1402,,San Luis Obispo,,,3924,
1403,,San Luis Obispo,,,17366,
1404,,San Luis Obispo,,,1467,
1405,,San Luis Obispo,,,1006,
1406,,San Luis Obispo,,,21308,
1407,,San Luis Obispo,,,1213,
1408,,San Luis Obispo,,,1158,
1409,,San Luis Obispo,,,27788,
1410,,San Luis Obispo,,,3369,
1411,,San Bernardino,,,331366,
1412,,San Bernardino,,,346325,
1413,,San Bernardino,,,9,
1414,,San Bernardino,,,349047,
1415,,San Bernardino,,,57517,
1416,,San Bernardino,,,367034,
1417,,San Bernardino,,,299320,
1418,,San Bernardino,,,307469,
1419,,San Bernardino,,,300045,
1420,,San Bernardino,,,356315,
1421,,San Bernardino,,,21508,
1422,,San Bernardino,,,66656,
1423,,San Bernardino,,,297417,
1424,,San Bernardino,,,67196,
1425,,San Bernardino,,,144455,
1426,,San Bernardino,,,2964,
1427,,San Bernardino,,,297261,
1428,,San Bernardino,,,321123,
1429,,San Bernardino,,,351963,
1430,,San Bernardino,,,323362,
1431,,San Bernardino,,,6742,
1432,,San Bernardino,,,228857,
1433,,San Bernardino,,,56400,
1434,,San Bernardino,,,41724,
1435,,San Bernardino,,,108946,
1436,,San Bernardino,,,299672,
1437,,San Bernardino,,,280068,
1438,,San Bernardino,,,353,
1439,,San Bernardino,,,62619,
1440,,San Bernardino,,,29545,
1441,,San Bernardino,,,176866,
1442,,San Bernardino,,,343967,
1443,,San Bernardino,,,84201,
1444,,San Bernardino,,,57974,
1445,,San Bernardino,,,294464,
1446,,San Bernardino,,,368635,
1447,,San Bernardino,,,289846,
1448,,San Bernardino,,,357711,
1449,,San Bernardino,,,50709,
1450,,San Bernardino,,,50385,
1451,,San Bernardino,,,52471,
1452,,San Bernardino,,,367946,
1453,,San Bernardino,,,299289,
1454,,San Bernardino,,,232171,
1455,,San Bernardino,,,287246,
1456,,San Bernardino,,,368927,
1457,,San Bernardino,,,312658,
1458,,San Bernardino,,,299763,
1459,,San Bernardino,,,317123,
1460,,San Bernardino,,,5355,
1461,,San Bernardino,,,17414,
1462,,Santa Barbara,,,33105,
1463,,Santa Barbara,,,46639,
1464,,Santa Barbara,,,34692,
1465,,Santa Barbara,,,9608,
1466,,Santa Barbara,,,218,
1467,,Santa Barbara,,,8,
1468,,Santa Barbara,,,2478,
1469,,Santa Barbara,,,44631,
1470,,Santa Barbara,,,36947,
1471,,Santa Barbara,,,9820,
1472,,Santa Barbara,,,2872,
1473,,Santa Barbara,,,506,
1474,,Santa Barbara,,,34488,
1475,,Santa Barbara,,,37538,
1476,,Santa Barbara,,,9560,
1477,,Santa Barbara,,,34017,
1478,,Santa Barbara,,,44175,
1479,,Santa Barbara,,,45650,
1480,,Santa Barbara,,,30352,
1481,,Santa Barbara,,,10922,
1482,,Santa Barbara,,,34659,
1483,,Santa Barbara,,,8952,
1484,,Santa Barbara,,,354,
1485,,Santa Barbara,,,34531,
1486,,Santa Barbara,,,33077,
1487,,Santa Barbara,,,471,
1488,,Santa Barbara,,,1396,
1489,,Santa Barbara,,,12107,
1490,,Santa Barbara,,,35954,
1491,,Santa Barbara,,,7951,
1492,,Santa Barbara,,,34513,
1493,,Santa Barbara,,,44220,
1494,,Santa Barbara,,,44662,
1495,,Santa Barbara,,,3385,
1496,,Santa Barbara,,,33896,
1497,,Santa Barbara,,,30087,
1498,,Santa Barbara,,,508,
1499,,Santa Barbara,,,4641,
1500,,Santa Barbara,,,7578,
1501,,Santa Barbara,,,16476,
1502,,Santa Barbara,,,3268,
1503,,Santa Barbara,,,5422,
1504,,Santa Barbara,,,44379,
1505,,Santa Barbara,,,34557,
1506,,Santa Barbara,,,30991,
1507,,Santa Barbara,,,44048,
1508,,Santa Barbara,,,6704,
1509,,Santa Barbara,,,34431,
1510,,Santa Barbara,,,1660,
1511,,Santa Barbara,,,44836,
1512,,Santa Barbara,,,8608,
1513,,Nevada,,,6573,
1514,,Nevada,,,52,
1515,,Nevada,,,36,
1516,,Nevada,,,4635,
1517,,Nevada,,,2173,
1518,,Nevada,,,9025,
1519,,Nevada,,,3144,
1520,,Nevada,,,8283,
1521,,Nevada,,,2480,
1522,,Nevada,,,543,
1523,,Nevada,,,569,
1524,,Nevada,,,4807,
1525,,Nevada,,,31,
1526,,Nevada,,,4745,
1527,,Nevada,,,399,
1528,,Nevada,,,10029,
1529,,Nevada,,,4510,
1530,,Nevada,,,8870,
1531,,Nevada,,,41,
1532,,Nevada,,,7478,
1533,,Nevada,,,4790,
1534,,Nevada,,,4765,
1535,,Nevada,,,3420,
1536,,Nevada,,,2932,
1537,,Nevada,,,557,
1538,,Nevada,,,482,
1539,,Nevada,,,3621,
1540,,Nevada,,,163,
1541,,Nevada,,,664,
1542,,Nevada,,,1163,
1543,,Nevada,,,9432,
1544,,Nevada,,,5203,
1545,,Nevada,,,3499,
1546,,Nevada,,,7164,
1547,,Nevada,,,3292,
1548,,Nevada,,,576,
1549,,Nevada,,,4162,
1550,,Nevada,,,5203,
1551,,Nevada,,,3832,
1552,,Nevada,,,5269,
1553,,Nevada,,,21,
1554,,Nevada,,,4,
1555,,Nevada,,,4866,
1556,,Nevada,,,4590,
1557,,Nevada,,,432,
1558,,Nevada,,,6226,
1559,,Nevada,,,1455,
1560,,Nevada,,,541,
1561,,Nevada,,,34,
1562,,Nevada,,,41,
1563,,Nevada,,,1131,
1564,,Kern,,,8291,
1565,,Kern,,,108456,
1566,,Kern,,,105625,
1567,,Kern,,,106460,
1568,,Kern,,,46397,
1569,,Kern,,,68969,
1570,,Kern,,,95554,
1571,,Kern,,,86188,
1572,,Kern,,,97522,
1573,,Kern,,,6512,
1574,,Kern,,,44327,
1575,,Kern,,,94467,
1576,,Kern,,,146348,
1577,,Kern,,,623,
1578,,Kern,,,19073,
1579,,Kern,,,21285,
1580,,Kern,,,155451,
1581,,Kern,,,48401,
1582,,Kern,,,122950,
1583,,Kern,,,1834,
1584,,Kern,,,103143,
1585,,Kern,,,45078,
1586,,Kern,,,108968,
1587,,Kern,,,104878,
1588,,Kern,,,3377,
1589,,Kern,,,17394,
1590,,Kern,,,101,
1591,,Kern,,,72270,
1592,,Kern,,,110188,
1593,,Kern,,,1176,
1594,,Kern,,,98187,
1595,,Kern,,,29459,
1596,,Kern,,,1,
1597,,Kern,,,148261,
1598,,Kern,,,36919,
1599,,Kern,,,139021,
1600,,Kern,,,110,
1601,,Kern,,,643,
1602,,Kern,,,104943,
1603,,Kern,,,396,
1604,,Kern,,,154896,
1605,,Kern,,,107374,
1606,,Kern,,,246,
1607,,Kern,,,107591,
1608,,Kern,,,32443,
1609,,Kern,,,34779,
1610,,Kern,,,30371,
1611,,Kern,,,142637,
1612,,Kern,,,111111,
1613,,Kern,,,145589,
1614,,Kern,,,98636,
1615,,Monterey,,,8629,
1616,,Monterey,,,45324,
1617,,Monterey,,,7850,
1618,,Monterey,,,50911,
1619,,Monterey,,,586,
1620,,Monterey,,,43663,
1621,,Monterey,,,42016,
1622,,Monterey,,,43038,
1623,,Monterey,,,51314,
1624,,Monterey,,,42575,
1625,,Monterey,,,14695,
1626,,Monterey,,,29352,
1627,,Monterey,,,50696,
1628,,Monterey,,,52477,
1629,,Monterey,,,49872,
1630,,Monterey,,,25131,
1631,,Monterey,,,8439,
1632,,Monterey,,,11117,
1633,,Monterey,,,51891,
1634,,Monterey,,,2239,
1635,,Monterey,,,413,
1636,,Monterey,,,52991,
1637,,Monterey,,,43332,
1638,,Monterey,,,18913,
1639,,Monterey,,,50506,
1640,,Monterey,,,10087,
1641,,Monterey,,,45590,
1642,,Monterey,,,45290,
1643,,Monterey,,,52340,
1644,,Monterey,,,49400,
1645,,Monterey,,,150,
1646,,Monterey,,,6548,
1647,,Monterey,,,43601,
1648,,Monterey,,,39966,
1649,,Monterey,,,1291,
1650,,Monterey,,,38713,
1651,,Monterey,,,43374,
1652,,Monterey,,,45585,
1653,,Monterey,,,12242,
1654,,Monterey,,,11321,
1655,,Monterey,,,42868,
1656,,Monterey,,,11956,
1657,,Monterey,,,42199,
1658,,Monterey,,,9337,
1659,,Monterey,,,43777,
1660,,Monterey,,,11472,
1661,,Monterey,,,43476,
1662,,Monterey,,,10684,
1663,,Monterey,,,3726,
1664,,Monterey,,,43818,
1665,,Monterey,,,45264,
1666,,Mendocino,,,899,
1667,,Mendocino,,,38,
1668,,Mendocino,,,107,
1669,,Mendocino,,,257,
1670,,Mendocino,,,6469,
1671,,Mendocino,,,21,
1672,,Mendocino,,,472,
1673,,Mendocino,,,8241,
1674,,Mendocino,,,146,
1675,,Mendocino,,,4363,
1676,,Mendocino,,,3723,
1677,,Mendocino,,,4398,
1678,,Mendocino,,,36,
1679,,Mendocino,,,4061,
1680,,Mendocino,,,8241,
1681,,Mendocino,,,1657,
1682,,Mendocino,,,8775,
1683,,Mendocino,,,7463,
1684,,Mendocino,,,4289,
1685,,Mendocino,,,4194,
1686,,Mendocino,,,537,
1687,,Mendocino,,,194,
1688,,Mendocino,,,199,
1689,,Mendocino,,,4137,
1690,,Mendocino,,,8560,
1691,,Mendocino,,,4282,
1692,,Mendocino,,,2751,
1693,,Mendocino,,,4239,
1694,,Mendocino,,,1050,
1695,,Mendocino,,,5499,
1696,,Mendocino,,,76,
1697,,Mendocino,,,4321,
1698,,Mendocino,,,6911,
1699,,Mendocino,,,4490,
1700,,Mendocino,,,33,
1701,,Mendocino,,,8488,
1702,,Mendocino,,,3899,
1703,,Mendocino,,,8634,
1704,,Mendocino,,,74,
1705,,Mendocino,,,3783,
1706,,Mendocino,,,6117,
1707,,Mendocino,,,5332,
1708,,Mendocino,,,5927,
1709,,Mendocino,,,4101,
1710,,Mendocino,,,3723,
1711,,Mendocino,,,4448,
1712,,Mendocino,,,3392,
1713,,Mendocino,,,8283,
1714,,Mendocino,,,3845,
1715,,Mendocino,,,7824,
1716,,Mendocino,,,54,
1717,,Amador,,,3819,
1718,,Amador,,,3518,
1719,,Amador,,,4943,
1720,,Amador,,,449,
1721,,Amador,,,3682,
1722,,Amador,,,8,
1723,,Amador,,,19,
1724,,Amador,,,5852,
1725,,Amador,,,3548,
1726,,Amador,,,323,
1727,,Amador,,,3689,
1728,,Amador,,,4387,
1729,,Amador,,,3649,
1730,,Amador,,,2107,
1731,,Amador,,,3112,
1732,,Amador,,,6,
1733,,Amador,,,221,
1734,,Amador,,,3133,
1735,,Amador,,,368,
1736,,Amador,,,4678,
1737,,Amador,,,285,
1738,,Amador,,,180,
1739,,Amador,,,3503,
1740,,Amador,,,3738,
1741,,Amador,,,3517,
1742,,Amador,,,3523,
1743,,Amador,,,4742,
1744,,Amador,,,3818,
1745,,Amador,,,6,
1746,,Amador,,,5165,
1747,,Amador,,,6,
1748,,Amador,,,4376,
1749,,Amador,,,5531,
1750,,Amador,,,5799,
1751,,Amador,,,5593,
1752,,Amador,,,305,
1753,,Amador,,,1838,
1754,,Amador,,,330,
1755,,Amador,,,3555,
1756,,Amador,,,7,
1757,,Amador,,,3672,
1758,,Amador,,,8,
1759,,Amador,,,3512,
1760,,Amador,,,3687,
1761,,Amador,,,6,
1762,,Amador,,,4266,
1763,,Amador,,,12,
1764,,Amador,,,3807,
1765,,Amador,,,3738,
1766,,Amador,,,5472,
1767,,Imperial,,,25745,
1768,,Imperial,,,11274,
1769,,Imperial,,,28809,
1770,,Imperial,,,27588,
1771,,Imperial,,,15568,
1772,,Imperial,,,33708,
1773,,Imperial,,,39228,
1774,,Imperial,,,11435,
1775,,Imperial,,,27218,
1776,,Imperial,,,27122,
1777,,Imperial,,,37252,
1778,,Imperial,,,7827,
1779,,Imperial,,,10396,
1780,,Imperial,,,8145,
1781,,Imperial,,,87,
1782,,Imperial,,,28586,
1783,,Imperial,,,11908,
1784,,Imperial,,,28981,
1785,,Imperial,,,6979,
1786,,Imperial,,,15053,
1787,,Imperial,,,1634,
1788,,Imperial,,,28970,
1789,,Imperial,,,31787,
1790,,Imperial,,,35642,
1791,,Imperial,,,28108,
1792,,Imperial,,,32293,
1793,,Imperial,,,38079,
1794,,Imperial,,,28413,
1795,,Imperial,,,11852,
1796,,Imperial,,,251,
1797,,Imperial,,,37398,
1798,,Imperial,,,11291,
1799,,Imperial,,,28753,
1800,,Imperial,,,304,
1801,,Imperial,,,8531,
1802,,Imperial,,,25812,
1803,,Imperial,,,27051,
1804,,Imperial,,,39462,
1805,,Imperial,,,24944,
1806,,Imperial,,,27907,
1807,,Imperial,,,6041,
1808,,Imperial,,,31944,
1809,,Imperial,,,43,
1810,,Imperial,,,28836,
1811,,Imperial,,,9919,
1812,,Imperial,,,11835,
1813,,Imperial,,,26646,
1814,,Imperial,,,284,
1815,,Imperial,,,12109,
1816,,Imperial,,,11093,
1817,,Butte,,,12527,
1818,,Butte,,,10655,
1819,,Butte,,,51,
1820,,Butte,,,16421,
1821,,Butte,,,1555,
1822,,Butte,,,12682,
1823,,Butte,,,18,
1824,,Butte,,,22456,
1825,,Butte,,,2894,
1826,,Butte,,,3262,
1827,,Butte,,,88,
1828,,Butte,,,4757,
1829,,Butte,,,2790,
1830,,Butte,,,23818,
1831,,Butte,,,25060,
1832,,Butte,,,10355,
1833,,Butte,,,1095,
1834,,Butte,,,551,
1835,,Butte,,,12427,
1836,,Butte,,,7173,
1837,,Butte,,,11643,
1838,,Butte,,,25295,
1839,,Butte,,,133,
1840,,Butte,,,11672,
1841,,Butte,,,5765,
1842,,Butte,,,11252,
1843,,Butte,,,24526,
1844,,Butte,,,24839,
1845,,Butte,,,376,
1846,,Butte,,,16943,
1847,,Butte,,,12684,
1848,,Butte,,,4244,
1849,,Butte,,,18237,
1850,,Butte,,,14868,
1851,,Butte,,,16,
1852,,Butte,,,2764,
1853,,Butte,,,189,
1854,,Butte,,,4972,
1855,,Butte,,,6716,
1856,,Butte,,,14,
1857,,Butte,,,2254,
1858,,Butte,,,11405,
1859,,Butte,,,12693,
1860,,Butte,,,1618,
1861,,Butte,,,268,
1862,,Butte,,,24635,
1863,,Butte,,,10,
1864,,Butte,,,3047,
1865,,Butte,,,16,
1866,,Butte,,,24982,
1867,,El Dorado,,,10448,
1868,,El Dorado,,,1351,
1869,,El Dorado,,,9984,
1870,,El Dorado,,,668,
1871,,El Dorado,,,1694,
1872,,El Dorado,,,11636,
1873,,El Dorado,,,292,
1874,,El Dorado,,,5388,
1875,,El Dorado,,,18166,
1876,,El Dorado,,,9188,
1877,,El Dorado,,,10168,
1878,,El Dorado,,,613,
1879,,El Dorado,,,9448,
1880,,El Dorado,,,264,
1881,,El Dorado,,,17330,
1882,,El Dorado,,,8927,
1883,,El Dorado,,,17915,
1884,,El Dorado,,,729,
1885,,El Dorado,,,1405,
1886,,El Dorado,,,1900,
1887,,El Dorado,,,1611,
1888,,El Dorado,,,18075,
1889,,El Dorado,,,12,
1890,,El Dorado,,,12531,
1891,,El Dorado,,,9575,
1892,,El Dorado,,,1648,
1893,,El Dorado,,,10280,
1894,,El Dorado,,,18553,
1895,,El Dorado,,,9665,
1896,,El Dorado,,,16194,
1897,,El Dorado,,,1196,
1898,,El Dorado,,,8940,
1899,,El Dorado,,,1287,
1900,,El Dorado,,,7877,
1901,,El Dorado,,,14757,
1902,,El Dorado,,,10315,
1903,,El Dorado,,,54,
1904,,El Dorado,,,18448,
1905,,El Dorado,,,18137,
1906,,El Dorado,,,9072,
1907,,El Dorado,,,871,
1908,,El Dorado,,,9609,
1909,,El Dorado,,,226,
1910,,El Dorado,,,10448,
1911,,El Dorado,,,1032,
1912,,El Dorado,,,1502,
1913,,El Dorado,,,3275,
1914,,El Dorado,,,1054,
1915,,El Dorado,,,9121,
1916,,El Dorado,,,1683,
1917,,Siskiyou,,,993,
1918,,Siskiyou,,,4942,
1919,,Siskiyou,,,31,
1920,,Siskiyou,,,4581,
1921,,Siskiyou,,,2566,
1922,,Siskiyou,,,61,
1923,,Siskiyou,,,9,
1924,,Siskiyou,,,1987,
1925,,Siskiyou,,,1716,
1926,,Siskiyou,,,2402,
1927,,Siskiyou,,,2352,
1928,,Siskiyou,,,466,
1929,,Siskiyou,,,967,
1930,,Siskiyou,,,3933,
1931,,Siskiyou,,,752,
1932,,Siskiyou,,,1664,
1933,,Siskiyou,,,5,
1934,,Siskiyou,,,161,
1935,,Siskiyou,,,183,
1936,,Siskiyou,,,1885,
1937,,Siskiyou,,,1664,
1938,,Siskiyou,,,1831,
1939,,Siskiyou,,,2537,
1940,,Siskiyou,,,137,
1941,,Siskiyou,,,1580,
1942,,Siskiyou,,,2255,
1943,,Siskiyou,,,1909,
1944,,Siskiyou,,,4253,
1945,,Siskiyou,,,43,
1946,,Siskiyou,,,2385,
1947,,Siskiyou,,,1755,
1948,,Siskiyou,,,2501,
1949,,Siskiyou,,,4809,
1950,,Siskiyou,,,4777,
1951,,Siskiyou,,,1076,
1952,,Siskiyou,,,2399,
1953,,Siskiyou,,,1076,
1954,,Siskiyou,,,4406,
1955,,Siskiyou,,,155,
1956,,Siskiyou,,,565,
1957,,Siskiyou,,,914,
1958,,Siskiyou,,,24,
1959,,Siskiyou,,,5,
1960,,Siskiyou,,,241,
1961,,Siskiyou,,,4797,
1962,,Siskiyou,,,2537,
1963,,Siskiyou,,,1885,
1964,,Siskiyou,,,900,
1965,,Siskiyou,,,128,
1966,,Siskiyou,,,23,
1967,,Yuba,,,10435,
1968,,Yuba,,,21,
1969,,Yuba,,,397,
1970,,Yuba,,,257,
1971,,Yuba,,,1981,
1972,,Yuba,,,309,
1973,,Yuba,,,1222,
1974,,Yuba,,,2403,
1975,,Yuba,,,5953,
1976,,Yuba,,,338,
1977,,Yuba,,,5771,
1978,,Yuba,,,139,
1979,,Yuba,,,5634,
1980,,Yuba,,,28,
1981,,Yuba,,,5874,
1982,,Yuba,,,3492,
1983,,Yuba,,,6464,
1984,,Yuba,,,5854,
1985,,Yuba,,,6448,
1986,,Yuba,,,25,
1987,,Yuba,,,8905,
1988,,Yuba,,,3,
1989,,Yuba,,,3805,
1990,,Yuba,,,9251,
1991,,Yuba,,,1188,
1992,,Yuba,,,11214,
1993,,Yuba,,,6464,
1994,,Yuba,,,7108,
1995,,Yuba,,,198,
1996,,Yuba,,,11069,
1997,,Yuba,,,7945,
1998,,Yuba,,,6209,
1999,,Yuba,,,821,
2000,,Yuba,,,6438,
2001,,Yuba,,,6172,
2002,,Yuba,,,678,
2003,,Yuba,,,1227,
2004,,Yuba,,,6021,
2005,,Yuba,,,2820,
2006,,Yuba,,,553,
2007,,Yuba,,,6598,
2008,,Yuba,,,3898,
2009,,Yuba,,,5431,
2010,,Yuba,,,5681,
2011,,Yuba,,,8417,
2012,,Yuba,,,1172,
2013,,Yuba,,,10842,
2014,,Yuba,,,7789,
2015,,Yuba,,,163,
2016,,Yuba,,,8865,
2017,,Unknown,,,1,
2018,,Calaveras,,,324,
2019,,Calaveras,,,286,
2020,,Calaveras,,,3761,
2021,,Calaveras,,,1915,
2022,,Calaveras,,,257,
2023,,Calaveras,,,1939,
2024,,Calaveras,,,2114,
2025,,Calaveras,,,3914,
2026,,Calaveras,,,1513,
2027,,Calaveras,,,2230,
2028,,Calaveras,,,2947,
2029,,Calaveras,,,2480,
2030,,Calaveras,,,1818,
2031,,Calaveras,,,342,
2032,,Calaveras,,,9,
2033,,Calaveras,,,330,
2034,,Calaveras,,,1757,
2035,,Calaveras,,,331,
2036,,Calaveras,,,2129,
2037,,Calaveras,,,2,
2038,,Calaveras,,,2028,
2039,,Calaveras,,,3110,
2040,,Calaveras,,,12,
2041,,Calaveras,,,311,
2042,,Calaveras,,,342,
2043,,Calaveras,,,1097,
2044,,Calaveras,,,3,
2045,,Calaveras,,,8,
2046,,Calaveras,,,305,
2047,,Calaveras,,,361,
2048,,Calaveras,,,2151,
2049,,Calaveras,,,136,
2050,,Calaveras,,,2464,
2051,,Calaveras,,,32,
2052,,Calaveras,,,4243,
2053,,Calaveras,,,478,
2054,,Calaveras,,,2360,
2055,,Calaveras,,,257,
2056,,Calaveras,,,1837,
2057,,Calaveras,,,2108,
2058,,Calaveras,,,32,
2059,,Calaveras,,,4286,
2060,,Calaveras,,,2053,
2061,,Calaveras,,,4164,
2062,,Calaveras,,,2186,
2063,,Calaveras,,,354,
2064,,Calaveras,,,15,
2065,,Calaveras,,,329,
2066,,Calaveras,,,544,
2067,,Calaveras,,,181,
2068,,Merced,,,32369,
2069,,Merced,,,9,
2070,,Merced,,,273,
2071,,Merced,,,45124,
2072,,Merced,,,8487,
2073,,Merced,,,40960,
2074,,Merced,,,27509,
2075,,Merced,,,32110,
2076,,Merced,,,102,
2077,,Merced,,,8,
2078,,Merced,,,16760,
2079,,Merced,,,41599,
2080,,Merced,,,33866,
2081,,Merced,,,32272,
2082,,Merced,,,19245,
2083,,Merced,,,43129,
2084,,Merced,,,32814,
2085,,Merced,,,19444,
2086,,Merced,,,25048,
2087,,Merced,,,320,
2088,,Merced,,,6102,
2089,,Merced,,,32028,
2090,,Merced,,,32313,
2091,,Merced,,,8750,
2092,,Merced,,,32028,
2093,,Merced,,,44990,
2094,,Merced,,,44566,
2095,,Merced,,,29796,
2096,,Merced,,,285,
2097,,Merced,,,32961,
2098,,Merced,,,36352,
2099,,Merced,,,30257,
2100,,Merced,,,45207,
2101,,Merced,,,13637,
2102,,Merced,,,8750,
2103,,Merced,,,31289,
2104,,Merced,,,32183,
2105,,Merced,,,9314,
2106,,Merced,,,18843,
2107,,Merced,,,10374,
2108,,Merced,,,7744,
2109,,Merced,,,7041,
2110,,Merced,,,38856,
2111,,Merced,,,31701,
2112,,Merced,,,285,
2113,,Merced,,,2813,
2114,,Merced,,,1208,
2115,,Merced,,,10884,
2116,,Merced,,,2313,
2117,,Merced,,,42117,
2118,,Mono,,,1346,
2119,,Mono,,,33,
2120,,Mono,,,1298,
2121,,Mono,,,34,
2122,,Mono,,,1782,
2123,,Mono,,,1461,
2124,,Mono,,,1295,
2125,,Mono,,,786,
2126,,Mono,,,1278,
2127,,Mono,,,1462,
2128,,Mono,,,1433,
2129,,Mono,,,1250,
2130,,Mono,,,1304,
2131,,Mono,,,1461,
2132,,Mono,,,26,
2133,,Mono,,,843,
2134,,Mono,,,1593,
2135,,Mono,,,1191,
2136,,Mono,,,162,
2137,,Mono,,,1146,
2138,,Mono,,,268,
2139,,Mono,,,26,
2140,,Mono,,,40,
2141,,Mono,,,1786,
2142,,Mono,,,1311,
2143,,Mono,,,1280,
2144,,Mono,,,1251,
2145,,Mono,,,1570,
2146,,Mono,,,1253,
2147,,Mono,,,167,
2148,,Mono,,,182,
2149,,Mono,,,162,
2150,,Mono,,,1204,
2151,,Mono,,,1316,
2152,,Mono,,,1493,
2153,,Mono,,,153,
2154,,Mono,,,37,
2155,,Mono,,,1538,
2156,,Mono,,,814,
2157,,Mono,,,26,
2158,,Mono,,,1758,
2159,,Mono,,,1540,
2160,,Mono,,,1247,
2161,,Mono,,,1391,
2162,,Mono,,,1319,
2163,,Mono,,,520,
2164,,Mono,,,1294,
2165,,Mono,,,162,
2166,,Mono,,,1860,
2167,,Mono,,,1200,
2168,,Inyo,,,243,
2169,,Inyo,,,1421,
2170,,Inyo,,,1372,
2171,,Inyo,,,1282,
2172,,Inyo,,,2391,
2173,,Inyo,,,2473,
2174,,Inyo,,,252,
2175,,Inyo,,,20,
2176,,Inyo,,,43,
2177,,Inyo,,,2285,
2178,,Inyo,,,43,
2179,,Inyo,,,1335,
2180,,Inyo,,,1662,
2181,,Inyo,,,30,
2182,,Inyo,,,1434,
2183,,Inyo,,,1156,
2184,,Inyo,,,62,
2185,,Inyo,,,1441,
2186,,Inyo,,,1363,
2187,,Inyo,,,571,
2188,,Inyo,,,263,
2189,,Inyo,,,1432,
2190,,Inyo,,,1324,
2191,,Inyo,,,144,
2192,,Inyo,,,1431,
2193,,Inyo,,,194,
2194,,Inyo,,,1433,
2195,,Inyo,,,1523,
2196,,Inyo,,,35,
2197,,Inyo,,,1424,
2198,,Inyo,,,1393,
2199,,Inyo,,,1039,
2200,,Inyo,,,20,
2201,,Inyo,,,2504,
2202,,Inyo,,,2543,
2203,,Inyo,,,2142,
2204,,Inyo,,,2345,
2205,,Inyo,,,38,
2206,,Inyo,,,23,
2207,,Inyo,,,1713,
2208,,Inyo,,,43,
2209,,Inyo,,,20,
2210,,Inyo,,,1518,
2211,,Inyo,,,263,
2212,,Inyo,,,124,
2213,,Inyo,,,1446,
2214,,Inyo,,,1285,
2215,,Inyo,,,1482,
2216,,Inyo,,,23,
2217,,Inyo,,,1453,
2218,,Sutter,,,881,
2219,,Sutter,,,12584,
2220,,Sutter,,,1733,
2221,,Sutter,,,8880,
2222,,Sutter,,,5369,
2223,,Sutter,,,9316,
2224,,Sutter,,,46,
2225,,Sutter,,,31,
2226,,Sutter,,,421,
2227,,Sutter,,,9486,
2228,,Sutter,,,1771,
2229,,Sutter,,,1465,
2230,,Sutter,,,10,
2231,,Sutter,,,13438,
2232,,Sutter,,,8355,
2233,,Sutter,,,9413,
2234,,Sutter,,,18,
2235,,Sutter,,,9554,
2236,,Sutter,,,539,
2237,,Sutter,,,1785,
2238,,Sutter,,,9614,
2239,,Sutter,,,14108,
2240,,Sutter,,,8355,
2241,,Sutter,,,12405,
2242,,Sutter,,,2089,
2243,,Sutter,,,9328,
2244,,Sutter,,,9175,
2245,,Sutter,,,2,
2246,,Sutter,,,731,
2247,,Sutter,,,2,
2248,,Sutter,,,1631,
2249,,Sutter,,,9356,
2250,,Sutter,,,30,
2251,,Sutter,,,8906,
2252,,Sutter,,,9407,
2253,,Sutter,,,8656,
2254,,Sutter,,,6051,
2255,,Sutter,,,1409,
2256,,Sutter,,,9756,
2257,,Sutter,,,840,
2258,,Sutter,,,952,
2259,,Sutter,,,9356,
2260,,Sutter,,,14494,
2261,,Sutter,,,14646,
2262,,Sutter,,,9988,
2263,,Sutter,,,29,
2264,,Sutter,,,9279,
2265,,Sutter,,,502,
2266,,Sutter,,,1465,
2267,,Sutter,,,1642,
2268,,Colusa,,,113,
2269,,Colusa,,,3130,
2270,,Colusa,,,2158,
2271,,Colusa,,,543,
2272,,Colusa,,,2340,
2273,,Colusa,,,3017,
2274,,Colusa,,,2158,
2275,,Colusa,,,1565,
2276,,Colusa,,,2156,
2277,,Colusa,,,2655,
2278,,Colusa,,,2236,
2279,,Colusa,,,1684,
2280,,Colusa,,,824,
2281,,Colusa,,,2160,
2282,,Colusa,,,2230,
2283,,Colusa,,,470,
2284,,Colusa,,,2261,
2285,,Colusa,,,335,
2286,,Colusa,,,550,
2287,,Colusa,,,2221,
2288,,Colusa,,,2265,
2289,,Colusa,,,1917,
2290,,Colusa,,,2155,
2291,,Colusa,,,3,
2292,,Colusa,,,1989,
2293,,Colusa,,,509,
2294,,Colusa,,,2221,
2295,,Colusa,,,2625,
2296,,Colusa,,,639,
2297,,Colusa,,,2729,
2298,,Colusa,,,3302,
2299,,Colusa,,,3,
2300,,Colusa,,,1935,
2301,,Colusa,,,3,
2302,,Colusa,,,1667,
2303,,Colusa,,,2968,
2304,,Colusa,,,420,
2305,,Colusa,,,3314,
2306,,Colusa,,,3235,
2307,,Colusa,,,3028,
2308,,Colusa,,,2322,
2309,,Colusa,,,825,
2310,,Colusa,,,467,
2311,,Colusa,,,2221,
2312,,Colusa,,,2979,
2313,,Colusa,,,2303,
2314,,Colusa,,,527,
2315,,Colusa,,,2692,
2316,,Colusa,,,2944,
2317,,Colusa,,,409,
2318,,Kings,,,34439,
2319,,Kings,,,5243,
2320,,Kings,,,12,
2321,,Kings,,,96,
2322,,Kings,,,23017,
2323,,Kings,,,24665,
2324,,Kings,,,2,
2325,,Kings,,,2350,
2326,,Kings,,,22091,
2327,,Kings,,,22150,
2328,,Kings,,,22546,
2329,,Kings,,,24312,
2330,,Kings,,,27745,
2331,,Kings,,,14654,
2332,,Kings,,,22965,
2333,,Kings,,,23020,
2334,,Kings,,,29699,
2335,,Kings,,,3692,
2336,,Kings,,,7645,
2337,,Kings,,,31678,
2338,,Kings,,,15624,
2339,,Kings,,,23164,
2340,,Kings,,,21083,
2341,,Kings,,,8502,
2342,,Kings,,,21853,
2343,,Kings,,,704,
2344,,Kings,,,21297,
2345,,Kings,,,32073,
2346,,Kings,,,31028,
2347,,Kings,,,32,
2348,,Kings,,,13761,
2349,,Kings,,,29078,
2350,,Kings,,,22859,
2351,,Kings,,,5659,
2352,,Kings,,,348,
2353,,Kings,,,23050,
2354,,Kings,,,2091,
2355,,Kings,,,8151,
2356,,Kings,,,32708,
2357,,Kings,,,9775,
2358,,Kings,,,15491,
2359,,Kings,,,67,
2360,,Kings,,,21720,
2361,,Kings,,,9434,
2362,,Kings,,,233,
2363,,Kings,,,22082,
2364,,Kings,,,1492,
2365,,Kings,,,24312,
2366,,Kings,,,34439,
2367,,Kings,,,22042,
2368,,Glenn,,,638,
2369,,Glenn,,,380,
2370,,Glenn,,,421,
2371,,Glenn,,,667,
2372,,Glenn,,,3042,
2373,,Glenn,,,2664,
2374,,Glenn,,,3658,
2375,,Glenn,,,4172,
2376,,Glenn,,,2868,
2377,,Glenn,,,4,
2378,,Glenn,,,660,
2379,,Glenn,,,925,
2380,,Glenn,,,2428,
2381,,Glenn,,,4228,
2382,,Glenn,,,2880,
2383,,Glenn,,,4551,
2384,,Glenn,,,330,
2385,,Glenn,,,2693,
2386,,Glenn,,,2967,
2387,,Glenn,,,567,
2388,,Glenn,,,4113,
2389,,Glenn,,,1363,
2390,,Glenn,,,2899,
2391,,Glenn,,,190,
2392,,Glenn,,,66,
2393,,Glenn,,,5,
2394,,Glenn,,,601,
2395,,Glenn,,,2769,
2396,,Glenn,,,3626,
2397,,Glenn,,,1171,
2398,,Glenn,,,12,
2399,,Glenn,,,2760,
2400,,Glenn,,,547,
2401,,Glenn,,,997,
2402,,Glenn,,,2110,
2403,,Glenn,,,4524,
2404,,Glenn,,,2971,
2405,,Glenn,,,4551,
2406,,Glenn,,,3104,
2407,,Glenn,,,2673,
2408,,Glenn,,,1056,
2409,,Glenn,,,2886,
2410,,Glenn,,,2870,
2411,,Glenn,,,3950,
2412,,Glenn,,,2861,
2413,,Glenn,,,2,
2414,,Glenn,,,626,
2415,,Glenn,,,4513,
2416,,Glenn,,,4582,
2417,,Glenn,,,508,
2418,,Tuolumne,,,4,
2419,,Tuolumne,,,4185,
2420,,Tuolumne,,,5879,
2421,,Tuolumne,,,7943,
2422,,Tuolumne,,,291,
2423,,Tuolumne,,,160,
2424,,Tuolumne,,,22,
2425,,Tuolumne,,,134,
2426,,Tuolumne,,,3963,
2427,,Tuolumne,,,1128,
2428,,Tuolumne,,,6338,
2429,,Tuolumne,,,34,
2430,,Tuolumne,,,4036,
2431,,Tuolumne,,,3549,
2432,,Tuolumne,,,5569,
2433,,Tuolumne,,,1190,
2434,,Tuolumne,,,172,
2435,,Tuolumne,,,4024,
2436,,Tuolumne,,,4139,
2437,,Tuolumne,,,3180,
2438,,Tuolumne,,,227,
2439,,Tuolumne,,,4066,
2440,,Tuolumne,,,7564,
2441,,Tuolumne,,,5017,
2442,,Tuolumne,,,7564,
2443,,Tuolumne,,,4,
2444,,Tuolumne,,,3991,
2445,,Tuolumne,,,193,
2446,,Tuolumne,,,227,
2447,,Tuolumne,,,7063,
2448,,Tuolumne,,,275,
2449,,Tuolumne,,,4154,
2450,,Tuolumne,,,4206,
2451,,Tuolumne,,,233,
2452,,Tuolumne,,,1994,
2453,,Tuolumne,,,7795,
2454,,Tuolumne,,,3870,
2455,,Tuolumne,,,4207,
2456,,Tuolumne,,,4258,
2457,,Tuolumne,,,312,
2458,,Tuolumne,,,152,
2459,,Tuolumne,,,2569,
2460,,Tuolumne,,,230,
2461,,Tuolumne,,,5816,
2462,,Tuolumne,,,8,
2463,,Tuolumne,,,117,
2464,,Tuolumne,,,2,
2465,,Tuolumne,,,4152,
2466,,Tuolumne,,,4123,
2467,,Tuolumne,,,7539,
2468,,Alpine,,,89,
2469,,Alpine,,,105,
2470,,Alpine,,,2,
2471,,Alpine,,,2,
2472,,Alpine,,,89,
2473,,Alpine,,,88,
2474,,Alpine,,,2,
2475,,Alpine,,,2,
2476,,Alpine,,,2,
2477,,Alpine,,,2,
2478,,Alpine,,,2,
2479,,Alpine,,,82,
2480,,Alpine,,,2,
2481,,Alpine,,,41,
2482,,Alpine,,,88,
2483,,Alpine,,,2,
2484,,Alpine,,,1,
2485,,Alpine,,,2,
2486,,Alpine,,,89,
2487,,Alpine,,,1,
2488,,Alpine,,,105,
2489,,Alpine,,,91,
2490,,Alpine,,,2,
2491,,Alpine,,,41,
2492,,Alpine,,,105,
2493,,Alpine,,,89,
2494,,Alpine,,,85,
2495,,Alpine,,,89,
2496,,Alpine,,,71,
2497,,Alpine,,,105,
2498,,Alpine,,,88,
2499,,Alpine,,,72,
2500,,Alpine,,,1,
2501,,Alpine,,,88,
2502,,Alpine,,,1,
2503,,Alpine,,,101,
2504,,Alpine,,,3,
2505,,Alpine,,,1,
2506,,Alpine,,,2,
2507,,Alpine,,,53,
2508,,Alpine,,,41,
2509,,Alpine,,,105,
2510,,Alpine,,,5,
2511,,Alpine,,,1,
2512,,Alpine,,,2,
2513,,Alpine,,,84,
2514,,Alpine,,,88,
2515,,Alpine,,,2,
2516,,Alpine,,,101,
2517,,Alpine,,,53,
2518,,Plumas,,,47,
2519,,Plumas,,,25,
2520,,Plumas,,,639,
2521,,Plumas,,,704,
2522,,Plumas,,,163,
2523,,Plumas,,,1358,
2524,,Plumas,,,6,
2525,,Plumas,,,1936,
2526,,Plumas,,,31,
2527,,Plumas,,,624,
2528,,Plumas,,,16,
2529,,Plumas,,,670,
2530,,Plumas,,,502,
2531,,Plumas,,,4,
2532,,Plumas,,,1877,
2533,,Plumas,,,4,
2534,,Plumas,,,548,
2535,,Plumas,,,1077,
2536,,Plumas,,,742,
2537,,Plumas,,,1734,
2538,,Plumas,,,25,
2539,,Plumas,,,4,
2540,,Plumas,,,761,
2541,,Plumas,,,309,
2542,,Plumas,,,742,
2543,,Plumas,,,890,
2544,,Plumas,,,4,
2545,,Plumas,,,1947,
2546,,Plumas,,,1660,
2547,,Plumas,,,736,
2548,,Plumas,,,47,
2549,,Plumas,,,39,
2550,,Plumas,,,710,
2551,,Plumas,,,723,
2552,,Plumas,,,742,
2553,,Plumas,,,1318,
2554,,Plumas,,,11,
2555,,Plumas,,,52,
2556,,Plumas,,,6,
2557,,Plumas,,,391,
2558,,Plumas,,,980,
2559,,Plumas,,,376,
2560,,Plumas,,,742,
2561,,Plumas,,,4,
2562,,Plumas,,,652,
2563,,Plumas,,,1221,
2564,,Plumas,,,48,
2565,,Plumas,,,1448,
2566,,Plumas,,,6,
2567,,Plumas,,,718,
2568,,Del Norte,,,1439,
2569,,Del Norte,,,87,
2570,,Del Norte,,,114,
2571,,Del Norte,,,873,
2572,,Del Norte,,,2635,
2573,,Del Norte,,,48,
2574,,Del Norte,,,47,
2575,,Del Norte,,,90,
2576,,Del Norte,,,169,
2577,,Del Norte,,,1001,
2578,,Del Norte,,,1095,
2579,,Del Norte,,,180,
2580,,Del Norte,,,857,
2581,,Del Norte,,,1468,
2582,,Del Norte,,,1395,
2583,,Del Norte,,,1292,
2584,,Del Norte,,,47,
2585,,Del Norte,,,273,
2586,,Del Norte,,,3720,
2587,,Del Norte,,,1581,
2588,,Del Norte,,,48,
2589,,Del Norte,,,104,
2590,,Del Norte,,,3720,
2591,,Del Norte,,,3713,
2592,,Del Norte,,,1434,
2593,,Del Norte,,,4,
2594,,Del Norte,,,104,
2595,,Del Norte,,,2682,
2596,,Del Norte,,,60,
2597,,Del Norte,,,873,
2598,,Del Norte,,,884,
2599,,Del Norte,,,1,
2600,,Del Norte,,,99,
2601,,Del Norte,,,2601,
2602,,Del Norte,,,2,
2603,,Del Norte,,,3821,
2604,,Del Norte,,,754,
2605,,Del Norte,,,3388,
2606,,Del Norte,,,883,
2607,,Del Norte,,,170,
2608,,Del Norte,,,339,
2609,,Del Norte,,,1521,
2610,,Del Norte,,,1972,
2611,,Del Norte,,,411,
2612,,Del Norte,,,769,
2613,,Del Norte,,,1410,
2614,,Del Norte,,,2,
2615,,Del Norte,,,139,
2616,,Del Norte,,,203,
2617,,Tehama,,,63,
2618,,Tehama,,,324,
2619,,Tehama,,,9800,
2620,,Tehama,,,5026,
2621,,Tehama,,,8437,
2622,,Tehama,,,717,
2623,,Tehama,,,4,
2624,,Tehama,,,5,
2625,,Tehama,,,1,
2626,,Tehama,,,4550,
2627,,Tehama,,,4,
2628,,Tehama,,,1710,
2629,,Tehama,,,4263,
2630,,Tehama,,,4950,
2631,,Tehama,,,9905,
2632,,Tehama,,,342,
2633,,Tehama,,,4289,
2634,,Tehama,,,4704,
2635,,Tehama,,,5099,
2636,,Tehama,,,5797,
2637,,Tehama,,,4853,
2638,,Tehama,,,2190,
2639,,Tehama,,,10081,
2640,,Tehama,,,476,
2641,,Tehama,,,1435,
2642,,Tehama,,,10230,
2643,,Tehama,,,138,
2644,,Tehama,,,4959,
2645,,Tehama,,,24,
2646,,Tehama,,,10275,
2647,,Tehama,,,4683,
2648,,Tehama,,,5874,
2649,,Tehama,,,388,
2650,,Tehama,,,10104,
2651,,Tehama,,,5126,
2652,,Tehama,,,4556,
2653,,Tehama,,,1261,
2654,,Tehama,,,102,
2655,,Tehama,,,9006,
2656,,Tehama,,,4980,
2657,,Tehama,,,8743,
2658,,Tehama,,,10355,
2659,,Tehama,,,4620,
2660,,Tehama,,,4584,
2661,,Tehama,,,208,
2662,,Tehama,,,737,
2663,,Tehama,,,4742,
2664,,Tehama,,,150,
2665,,Tehama,,,4632,
2666,,Lake,,,4,
2667,,Lake,,,12,
2668,,Lake,,,2826,
2669,,Lake,,,3564,
2670,,Lake,,,6605,
2671,,Lake,,,110,
2672,,Lake,,,7057,
2673,,Lake,,,34,
2674,,Lake,,,3562,
2675,,Lake,,,3839,
2676,,Lake,,,140,
2677,,Lake,,,3458,
2678,,Lake,,,2625,
2679,,Lake,,,2843,
2680,,Lake,,,741,
2681,,Lake,,,4992,
2682,,Lake,,,7085,
2683,,Lake,,,23,
2684,,Lake,,,62,
2685,,Lake,,,4,
2686,,Lake,,,7046,
2687,,Lake,,,3571,
2688,,Lake,,,19,
2689,,Lake,,,30,
2690,,Lake,,,6,
2691,,Lake,,,3550,
2692,,Lake,,,579,
2693,,Lake,,,6962,
2694,,Lake,,,3012,
2695,,Lake,,,920,
2696,,Lake,,,281,
2697,,Lake,,,320,
2698,,Lake,,,6489,
2699,,Lake,,,142,
2700,,Lake,,,5134,
2701,,Lake,,,3332,
2702,,Lake,,,6827,
2703,,Lake,,,3495,
2704,,Lake,,,8,
2705,,Lake,,,168,
2706,,Lake,,,3358,
2707,,Lake,,,89,
2708,,Lake,,,12,
2709,,Lake,,,3500,
2710,,Lake,,,5059,
2711,,Lake,,,7050,
2712,,Lake,,,3645,
2713,,Lake,,,3207,
2714,,Lake,,,3523,
2715,,Mariposa,,,839,
2716,,Mariposa,,,15,
2717,,Mariposa,,,396,
2718,,Mariposa,,,416,
2719,,Mariposa,,,412,
2720,,Mariposa,,,81,
2721,,Mariposa,,,373,
2722,,Mariposa,,,450,
2723,,Mariposa,,,77,
2724,,Mariposa,,,62,
2725,,Mariposa,,,346,
2726,,Mariposa,,,16,
2727,,Mariposa,,,415,
2728,,Mariposa,,,75,
2729,,Mariposa,,,17,
2730,,Mariposa,,,1110,
2731,,Mariposa,,,448,
2732,,Mariposa,,,466,
2733,,Mariposa,,,942,
2734,,Mariposa,,,395,
2735,,Mariposa,,,749,
2736,,Mariposa,,,468,
2737,,Mariposa,,,452,
2738,,Mariposa,,,81,
2739,,Mariposa,,,426,
2740,,Mariposa,,,461,
2741,,Mariposa,,,1167,
2742,,Mariposa,,,64,
2743,,Mariposa,,,1015,
2744,,Mariposa,,,1432,
2745,,Mariposa,,,406,
2746,,Mariposa,,,467,
2747,,Mariposa,,,76,
2748,,Mariposa,,,452,
2749,,Mariposa,,,15,
2750,,Mariposa,,,277,
2751,,Mariposa,,,1231,
2752,,Mariposa,,,408,
2753,,Mariposa,,,16,
2754,,Mariposa,,,69,
2755,,Mariposa,,,16,
2756,,Mariposa,,,394,
2757,,Mariposa,,,128,
2758,,Mariposa,,,467,
2759,,Mariposa,,,1400,
2760,,Mariposa,,,498,
2761,,Mariposa,,,18,
2762,,Trinity,,,529,
2763,,Trinity,,,16,
2764,,Trinity,,,163,
2765,,Trinity,,,971,
2766,,Trinity,,,322,
2767,,Trinity,,,311,
2768,,Trinity,,,853,
2769,,Trinity,,,1022,
2770,,Trinity,,,283,
2771,,Trinity,,,453,
2772,,Trinity,,,38,
2773,,Trinity,,,568,
2774,,Trinity,,,3,
2775,,Trinity,,,16,
2776,,Trinity,,,338,
2777,,Trinity,,,16,
2778,,Trinity,,,261,
2779,,Trinity,,,303,
2780,,Trinity,,,26,
2781,,Trinity,,,3,
2782,,Trinity,,,476,
2783,,Trinity,,,330,
2784,,Trinity,,,327,
2785,,Trinity,,,327,
2786,,Trinity,,,261,
2787,,Trinity,,,338,
2788,,Trinity,,,942,
2789,,Trinity,,,302,
2790,,Trinity,,,327,
2791,,Trinity,,,342,
2792,,Trinity,,,7,
2793,,Trinity,,,7,
2794,,Trinity,,,443,
2795,,Trinity,,,328,
2796,,Trinity,,,3,
2797,,Trinity,,,263,
2798,,Trinity,,,293,
2799,,Trinity,,,27,
2800,,Trinity,,,342,
2801,,Trinity,,,261,
2802,,Trinity,,,329,
2803,,Trinity,,,315,
2804,,Trinity,,,433,
2805,,Trinity,,,295,
2806,,Trinity,,,237,
2807,,Trinity,,,303,
2808,,Sierra,,,54,
2809,,Sierra,,,49,
2810,,Sierra,,,54,
2811,,Sierra,,,6,
2812,,Sierra,,,1,
2813,,Sierra,,,6,
2814,,Sierra,,,50,
2815,,Sierra,,,24,
2816,,Sierra,,,97,
2817,,Sierra,,,1,
2818,,Sierra,,,6,
2819,,Sierra,,,51,
2820,,Sierra,,,219,
2821,,Sierra,,,30,
2822,,Sierra,,,90,
2823,,Sierra,,,56,
2824,,Sierra,,,4,
2825,,Sierra,,,48,
2826,,Sierra,,,18,
2827,,Sierra,,,48,
2828,,Sierra,,,60,
2829,,Sierra,,,54,
2830,,Sierra,,,142,
2831,,Sierra,,,33,
2832,,Sierra,,,23,
2833,,Sierra,,,11,
2834,,Sierra,,,6,
2835,,Sierra,,,15,
2836,,Sierra,,,176,
2837,,Sierra,,,50,
2838,,Sierra,,,1,
2839,,Sierra,,,78,
2840,,Sierra,,,45,
2841,,Sierra,,,76,
2842,,Sierra,,,6,
2843,,Sierra,,,1,
2844,,Sierra,,,6,
2845,,Sierra,,,6,
2846,,Sierra,,,1,
2847,,Sierra,,,6,
2848,,Sierra,,,6,
2849,,Sierra,,,1,
2850,,Sierra,,,55,
2851,,Sierra,,,1,
2852,,Sierra,,,22,
2853,,Lassen,,,5858,
2854,,Lassen,,,172,
2855,,Lassen,,,5821,
2856,,Lassen,,,715,
2857,,Lassen,,,5858,
2858,,Lassen,,,715,
2859,,Lassen,,,720,
2860,,Lassen,,,704,
2861,,Lassen,,,5685,
2862,,Lassen,,,5649,
2863,,Lassen,,,841,
2864,,Lassen,,,6444,
2865,,Lassen,,,731,
2866,,Lassen,,,5546,
2867,,Lassen,,,5669,
2868,,Lassen,,,4691,
2869,,Lassen,,,7318,
2870,,Lassen,,,1355,
2871,,Lassen,,,6239,
2872,,Lassen,,,736,
2873,,Lassen,,,5898,
2874,,Lassen,,,752,
2875,,Lassen,,,5661,
2876,,Lassen,,,6265,
2877,,Lassen,,,5748,
2878,,Lassen,,,5652,
2879,,Lassen,,,8012,
2880,,Lassen,,,626,
2881,,Lassen,,,6577,
2882,,Lassen,,,4972,
2883,,Lassen,,,7437,
2884,,Lassen,,,1773,
2885,,Lassen,,,5685,
2886,,Lassen,,,5685,
2887,,Lassen,,,6,
2888,,Lassen,,,735,
2889,,Lassen,,,631,
2890,,Lassen,,,4180,
2891,,Lassen,,,7463,
2892,,Lassen,,,6577,
2893,,Lassen,,,5768,
2894,,Lassen,,,5736,
2895,,Lassen,,,5701,
2896,,Lassen,,,1480,
2897,,Lassen,,,633,
2898,,Modoc,,,989,
2899,,Modoc,,,5,
2900,,Modoc,,,647,
2901,,Modoc,,,1050,
2902,,Modoc,,,724,
2903,,Modoc,,,27,
2904,,Modoc,,,804,
2905,,Modoc,,,606,
2906,,Modoc,,,118,
2907,,Modoc,,,922,
2908,,Modoc,,,446,
2909,,Modoc,,,225,
2910,,Modoc,,,108,
2911,,Modoc,,,474,
2912,,Modoc,,,292,
2913,,Modoc,,,16,
2914,,Modoc,,,378,
2915,,Modoc,,,804,
2916,,Modoc,,,79,
2917,,Modoc,,,577,
2918,,Modoc,,,794,
2919,,Modoc,,,804,
2920,,Modoc,,,492,
2921,,Modoc,,,450,
2922,,Modoc,,,492,
2923,,Modoc,,,804,
2924,,Modoc,,,694,
2925,,Modoc,,,351,
2926,,Modoc,,,763,
2927,,Modoc,,,576,
2928,,Modoc,,,424,
2929,,Modoc,,,570,
2930,,Modoc,,,570,
2931,,Modoc,,,292,
2932,,Modoc,,,28,
2933,,Modoc,,,472,
2934,,Modoc,,,323,
2935,,Modoc,,,935,
2936,,Modoc,,,893,
2937,,Modoc,,,638,
